IRELAND;1;1;1;1;1;1
MALTA;NA;NA;NA;NA;NA;1
ITALY;1;1;1;1;1;1
LITHUANIA;NA;NA;NA;NA;NA;1
LUXEMBOURG;1;1;1;1;1;1
DENMARK;1;1;1;1;1;1
ESTONIA;NA;NA;NA;NA;NA;1
FINLAND;NA;NA;NA;1;1;1
AUSTRIA;NA;NA;NA;0;0;0
NETHERLANDS;0;0;0;0;0;0
SLOVENIA;NA;NA;NA;NA;NA;0
SLOVAKIA;NA;NA;NA;NA;NA;0
SWEDEN;NA;NA;NA;0;0;0
BELGIUM;0;0;0;0;0;0
CZECH;NA;NA;NA;NA;NA;0
CYPRUS;NA;NA;NA;NA;NA;0
LATVIA;NA;NA;NA;NA;NA;0
UK-GB;1;1;1;1;0;0
FRANCE;0;0;0;0;0;0
GERMANY;0;0;0;0;0;0
GREECE;0;0;0;0;0;0
HUNGARY;NA;NA;NA;NA;NA;0
POLAND;NA;NA;NA;NA;NA;0
PORTUGAL;NA;0;0;0;0;0
SPAIN;NA;0;0;0;0;0
