IRELAND;10;10;10;10;10;10
MALTA;NA;NA;NA;NA;NA;10
ITALY;7,1;7,1;7,1;7,1;7,1;7,1
LITHUANIA;NA;NA;NA;NA;NA;7,1
LUXEMBOURG;7,1;7,1;7,1;7,1;7,1;7,1
DENMARK;7,1;7,1;7,1;7,1;7,1;7,1
ESTONIA;NA;NA;NA;NA;NA;7,1
FINLAND;NA;NA;NA;7,1;7,1;7,1
AUSTRIA;NA;NA;NA;2,9;2,9;2,9
NETHERLANDS;2,9;2,9;2,9;2,9;2,9;2,9
SLOVENIA;NA;NA;NA;NA;NA;2,9
SLOVAKIA;NA;NA;NA;NA;NA;2,9
SWEDEN;NA;NA;NA;2,9;2,9;2,9
BELGIUM;2,9;2,9;2,9;2,9;2,9;2,9
CZECH;NA;NA;NA;NA;NA;2,9
CYPRUS;NA;NA;NA;NA;NA;2,9
LATVIA;NA;NA;NA;NA;NA;2,9
UK-GB;4,3;4,3;4,3;4,3;1,4;1,4
FRANCE;1,4;1,4;1,4;1,4;1,4;1,4
GERMANY;1,4;1,4;1,4;1,4;1,4;1,4
GREECE;1,4;1,4;1,4;1,4;1,4;1,4
HUNGARY;NA;NA;NA;NA;NA;1,4
POLAND;NA;NA;NA;NA;NA;1,4
PORTUGAL;NA;1,4;1,4;1,4;1,4;1,4
SPAIN;NA;1,4;1,4;1,4;1,4;1,4
