"Germany PES";"France1 PES";"France2 EPP";"UK PES";"Italy1 PES";"Italy2 EPP";"Spain EPP";"Netherlands1 PES";"Netherlands2 EPP";"Greece PES";"Belgium1 PES/EPP";"Belgium2 ELDR";"Portugal1 PES";"Portugal2 EPP";"Sweden PES";"Austria1 EPP";"Austria2 EPP";"Denmark1 PES";"Denmark2 EPP";"Finland1 ELDR";"Finland2 ELDR";"Ireland UEN";"Luxembourg1 EPP";"Luxembourg2 EPP"
1;1;NA;1;1;NA;1;0;NA;0;NA;1;NA;1;1;1;NA;1;NA;1;NA;1;1;NA
1;1;NA;1;1;NA;1;0;NA;0;NA;1;NA;1;1;1;NA;0;NA;1;NA;1;1;NA
1;1;NA;1;1;NA;1;1;NA;1;NA;1;NA;1;1;1;NA;0;NA;1;NA;1;NA;1
1;0;NA;1;1;NA;1;1;NA;1;1;NA;NA;1;1;1;NA;1;NA;1;NA;1;NA;1
1;1;NA;1;1;NA;1;1;NA;1;1;NA;NA;0;1;NA;1;1;NA;1;NA;1;NA;1
1;1;NA;1;1;NA;0;0;NA;1;1;NA;NA;1;1;NA;1;1;NA;1;NA;1;NA;1
1;1;NA;1;1;NA;1;1;NA;1;0;NA;NA;1;1;NA;1;1;NA;1;NA;1;NA;1
1;1;NA;1;1;NA;1;1;NA;0;1;NA;NA;1;1;NA;1;1;NA;1;NA;1;NA;1
1;0;NA;1;1;NA;1;0;NA;1;1;NA;NA;1;1;NA;1;1;NA;1;NA;1;NA;0
1;1;NA;1;1;NA;1;0;NA;1;1;NA;NA;1;1;NA;1;1;NA;1;NA;1;NA;1
1;0;NA;1;1;NA;1;1;NA;1;1;NA;NA;1;1;NA;1;1;NA;1;NA;1;NA;1
0;1;NA;1;NA;1;1;1;NA;0;1;NA;NA;0;1;NA;0;1;NA;1;NA;1;NA;0
0;0;NA;1;NA;1;1;1;NA;1;1;NA;NA;1;1;NA;1;1;NA;1;NA;1;NA;1
1;0;NA;1;NA;0;1;0;NA;1;1;NA;NA;1;1;NA;1;1;NA;1;NA;1;NA;1
1;1;NA;1;NA;1;1;1;NA;1;1;NA;NA;1;1;NA;1;NA;0;1;NA;1;NA;1
1;1;NA;0;NA;1;1;1;NA;1;1;NA;NA;1;1;NA;1;NA;1;1;NA;1;NA;1
1;NA;1;1;NA;1;1;1;NA;1;1;NA;NA;0;1;NA;1;NA;1;1;NA;1;NA;1
1;NA;1;1;NA;0;1;0;NA;1;1;NA;NA;0;1;NA;1;NA;1;1;NA;1;NA;1
1;NA;1;1;NA;1;0;1;NA;0;1;NA;1;NA;1;NA;1;NA;1;0;NA;1;NA;1
1;NA;1;1;NA;1;1;1;NA;1;0;NA;1;NA;1;NA;1;NA;1;1;NA;1;NA;1
1;NA;1;1;NA;1;1;1;NA;1;1;NA;0;NA;1;NA;1;NA;1;1;NA;1;NA;1
1;NA;1;1;NA;1;1;0;NA;1;1;NA;1;NA;1;NA;1;NA;1;1;NA;1;NA;1
1;NA;1;1;NA;1;1;0;NA;1;1;NA;1;NA;1;NA;1;NA;1;1;NA;0;NA;1
1;NA;1;1;NA;1;1;1;NA;1;1;NA;1;NA;1;NA;1;NA;1;0;NA;1;NA;1
1;NA;1;1;NA;1;1;1;NA;1;1;NA;1;NA;1;NA;0;NA;1;1;NA;1;NA;1
1;NA;1;0;NA;1;0;1;NA;1;1;NA;1;NA;1;NA;1;NA;1;1;NA;1;NA;1
1;NA;1;1;NA;1;1;1;NA;1;1;NA;1;NA;1;NA;1;NA;1;1;NA;1;NA;0
1;NA;1;1;NA;1;1;1;NA;1;1;NA;0;NA;1;NA;1;NA;1;1;NA;1;NA;1
1;NA;1;1;NA;1;1;1;NA;1;1;NA;0;NA;1;NA;1;NA;1;1;NA;1;NA;1
1;NA;1;1;NA;1;1;1;NA;1;1;NA;1;NA;1;NA;1;NA;1;1;NA;1;NA;0
1;NA;1;1;NA;1;1;0;NA;1;1;NA;1;NA;0;NA;1;NA;1;1;NA;0;NA;1
0;NA;1;0;NA;1;1;1;NA;1;1;NA;1;NA;0;NA;1;NA;1;1;NA;1;NA;1
1;NA;1;1;NA;1;1;1;NA;1;1;NA;0;NA;1;NA;1;NA;1;1;NA;1;NA;1
1;NA;1;0;NA;1;1;1;NA;1;1;NA;1;NA;1;NA;1;NA;1;1;NA;1;NA;1
1;NA;1;1;NA;1;0;1;NA;1;1;NA;1;NA;0;NA;1;NA;1;1;NA;1;NA;1
1;NA;1;0;NA;1;1;1;NA;1;1;NA;1;NA;1;NA;0;NA;0;1;NA;1;NA;1
1;NA;1;0;NA;1;0;1;NA;1;1;NA;1;NA;1;NA;1;NA;1;1;NA;1;NA;1
1;NA;0;1;NA;1;1;1;NA;1;1;NA;1;NA;1;NA;1;NA;1;1;NA;1;NA;1
1;NA;1;1;NA;0;1;1;NA;1;1;NA;0;NA;1;NA;1;NA;0;1;NA;1;NA;1
1;NA;0;1;NA;1;1;NA;1;1;1;NA;1;NA;1;NA;1;NA;1;1;NA;1;NA;1
0;NA;1;0;NA;1;1;NA;1;1;1;NA;1;NA;1;NA;1;NA;1;NA;1;1;NA;1
1;NA;1;1;NA;1;1;NA;1;1;0;NA;1;NA;1;NA;1;NA;1;NA;1;1;NA;1
1;NA;1;1;NA;1;1;NA;1;1;1;NA;1;NA;1;NA;1;NA;0;NA;1;1;NA;1
1;NA;1;1;NA;1;1;NA;1;1;1;NA;0;NA;1;NA;1;NA;1;NA;1;1;NA;1
1;NA;1;1;NA;0;1;NA;1;1;1;NA;0;NA;1;NA;1;NA;0;NA;1;1;NA;1
1;NA;1;0;NA;1;0;NA;1;1;1;NA;1;NA;1;NA;1;NA;1;NA;1;0;NA;0
1;NA;1;1;NA;1;1;NA;1;1;1;NA;0;NA;1;NA;1;NA;1;NA;1;1;NA;1
1;NA;1;1;NA;0;1;NA;1;1;1;NA;0;NA;1;NA;1;NA;1;NA;1;1;NA;1
0;NA;1;0;NA;1;0;NA;1;1;1;NA;1;NA;1;NA;1;NA;1;NA;1;1;NA;1
1;NA;1;1;NA;1;1;NA;1;1;1;NA;1;NA;1;NA;1;NA;1;NA;1;0;NA;1
1;NA;1;1;NA;1;0;NA;1;1;1;NA;1;NA;0;NA;1;NA;0;NA;1;1;NA;1
1;NA;1;0;NA;1;0;NA;1;1;1;NA;0;NA;1;NA;1;NA;1;NA;1;1;NA;1
1;NA;1;1;NA;1;1;NA;1;1;1;NA;1;NA;1;NA;0;NA;1;NA;1;1;NA;1
1;NA;1;0;NA;1;1;NA;1;1;1;NA;1;NA;1;NA;1;NA;0;NA;1;1;NA;0
1;NA;1;0;NA;1;1;NA;1;1;1;NA;1;NA;1;NA;0;NA;0;NA;1;1;NA;0
0;NA;1;1;NA;1;1;NA;1;1;1;NA;1;NA;1;NA;1;NA;1;NA;1;1;NA;1
1;NA;1;1;NA;1;1;NA;1;1;1;NA;1;NA;1;NA;1;NA;0;NA;1;1;NA;1
1;NA;1;1;NA;1;1;NA;1;1;1;NA;1;NA;1;NA;1;NA;0;NA;1;1;NA;1
1;NA;1;0;NA;1;1;NA;1;1;1;NA;1;NA;1;NA;1;NA;1;NA;1;1;NA;1
1;NA;1;0;NA;1;1;NA;1;1;1;NA;1;NA;1;NA;1;NA;1;NA;1;1;NA;1
1;NA;1;1;NA;1;1;NA;1;1;1;NA;1;NA;0;NA;1;NA;1;NA;1;1;NA;1
1;NA;1;1;NA;0;1;NA;1;1;1;NA;1;NA;1;NA;1;NA;1;NA;1;1;NA;1
0;NA;1;0;NA;1;1;NA;1;1;1;NA;1;NA;1;NA;1;NA;1;NA;1;1;NA;1
1;NA;1;1;NA;1;1;NA;0;1;1;NA;1;NA;1;NA;0;NA;1;NA;1;0;NA;1
0;NA;1;0;NA;1;1;NA;1;1;1;NA;1;NA;1;NA;1;NA;1;NA;1;0;NA;1
0;NA;1;1;NA;1;1;NA;1;1;1;NA;1;NA;1;NA;1;NA;1;NA;1;1;NA;1
0;NA;1;0;NA;1;1;NA;1;1;1;NA;1;NA;1;NA;1;NA;1;NA;1;1;NA;1
1;NA;1;0;NA;1;1;NA;1;1;1;NA;1;NA;1;NA;1;NA;1;NA;1;1;NA;1
1;NA;1;1;NA;1;1;NA;1;1;0;NA;1;NA;1;NA;1;NA;1;NA;1;1;NA;1
1;NA;1;1;NA;1;1;NA;1;1;0;NA;1;NA;1;NA;1;NA;1;NA;1;1;NA;1
1;NA;1;1;NA;1;1;NA;1;1;0;NA;1;NA;1;NA;1;NA;1;NA;1;1;NA;1
1;NA;1;0;NA;1;1;NA;1;1;1;NA;1;NA;1;NA;1;NA;1;NA;1;1;NA;1
1;NA;1;0;NA;1;0;NA;1;1;1;NA;1;NA;1;NA;1;NA;1;NA;1;1;NA;1
0;NA;1;1;NA;1;1;NA;1;1;1;NA;1;NA;1;NA;0;NA;1;NA;1;0;NA;1
1;NA;1;0;NA;1;1;NA;1;1;1;NA;1;NA;1;NA;1;NA;1;NA;1;1;NA;1
1;NA;1;0;NA;1;1;NA;1;1;1;NA;1;NA;1;NA;1;NA;1;NA;1;1;NA;1
1;NA;1;1;NA;0;1;NA;1;1;0;NA;0;NA;1;NA;0;NA;1;NA;1;1;NA;1
1;NA;1;1;NA;1;1;NA;1;1;0;NA;1;NA;1;NA;1;NA;1;NA;1;1;NA;0
1;NA;1;1;NA;1;1;NA;1;1;0;NA;1;NA;1;NA;1;NA;1;NA;1;1;NA;0
1;NA;1;1;NA;1;1;NA;1;1;0;NA;1;NA;1;NA;1;NA;1;NA;1;1;NA;0
1;NA;1;1;NA;0;1;NA;1;1;0;NA;1;NA;1;NA;1;NA;1;NA;1;1;NA;0
