"Name","Member State","Loyal / Rebel to political group","Vote","Group"
"John Stuart AGNEW","United Kingdom","Rebel","Against","EFD"
"Gabriele ALBERTINI","Italy","Loyal","For","EPP"
"Jan Philipp ALBRECHT","Germany","Loyal","For","Greens/EFA"
"Sonia ALFANO","Italy","Didn't vote","Didn't vote","ALDE/ADLE"
"François ALFONSI","France","Didn't vote","Didn't vote","Greens/EFA"
"Magdi Cristiano ALLAM","Italy","Didn't vote","Didn't vote","EFD"
"Alexander ALVARO","Germany","Loyal","For","ALDE/ADLE"
"Luís Paulo ALVES","Portugal","Loyal","For","S&D"
"Amelia ANDERSDOTTER","Sweden","Didn't vote","Didn't vote","Greens/EFA"
"Martina ANDERSON","United Kingdom","Loyal","Abstain","GUE-NGL"
"Marta ANDREASEN","United Kingdom","Rebel","Against","EFD"
"Eric ANDRIEU","France","Didn't vote","Didn't vote","S&D"
"Laima Liucija ANDRIKIENĖ","Lithuania","Loyal","For","EPP"
"Josefa ANDRÉS BAREA","Spain","Loyal","For","S&D"
"Roberta ANGELILLI","Italy","Loyal","For","EPP"
"Charalampos ANGOURAKIS","Greece","Rebel","Against","GUE-NGL"
"Antonello ANTINORO","Italy","Absent","Absent","EPP"
"Elena Oana ANTONESCU","Romania","Loyal","For","EPP"
"Alfredo ANTONIOZZI","Italy","Loyal","For","EPP"
"Pablo ARIAS ECHEVERRÍA","Spain","Loyal","For","EPP"
"Pino ARLACCHI","Italy","Loyal","For","S&D"
"Kriton ARSENIS","Greece","Loyal","For","S&D"
"Richard ASHWORTH","United Kingdom","Loyal","For","ECR"
"Sir Robert ATKINS","United Kingdom","Loyal","For","ECR"
"John ATTARD-MONTALTO","Malta","Didn't vote","Didn't vote","S&D"
"Sophie AUCONIE","France","Loyal","For","EPP"
"Jean-Pierre AUDY","France","Loyal","For","EPP"
"Margrete AUKEN","Denmark","Loyal","For","Greens/EFA"
"Inés AYALA SENDER","Spain","Loyal","For","S&D"
"Liam AYLWARD","Ireland","Loyal","For","ALDE/ADLE"
"Pilar AYUSO","Spain","Didn't vote","Didn't vote","EPP"
"Johannes Cornelis van BAALEN","Netherlands","Loyal","For","ALDE/ADLE"
"Georges BACH","Luxembourg","Loyal","For","EPP"
"Maria BADIA i CUTCHET","Spain","Loyal","For","S&D"
"Zoltán BAGÓ","Hungary","Loyal","For","EPP"
"Raffaele BALDASSARRE","Italy","Loyal","For","EPP"
"Burkhard BALZ","Germany","Didn't vote","Didn't vote","EPP"
"Francesca BALZANI","Italy","Loyal","For","S&D"
"Zigmantas BALČYTIS","Lithuania","Absent","Absent","S&D"
"Paolo BARTOLOZZI","Italy","Loyal","For","EPP"
"Regina BASTOS","Portugal","Loyal","For","EPP"
"Gerard BATTEN","United Kingdom","Absent","Absent","EFD"
"Edit BAUER","Slovakia","Loyal","For","EPP"
"Catherine BEARDER","United Kingdom","Loyal","For","ALDE/ADLE"
"George BECALI","Romania","Absent","Absent","NI"
"Heinz K. BECKER","Austria","Loyal","For","EPP"
"Bastiaan BELDER","Netherlands","Loyal","For","EFD"
"Ivo BELET","Belgium","Loyal","For","EPP"
"Malika BENARAB-ATTOU","France","Loyal","For","Greens/EFA"
"Bendt BENDTSEN","Denmark","Didn't vote","Didn't vote","EPP"
"Jean-Luc BENNAHMIAS","France","Loyal","For","ALDE/ADLE"
"Phil BENNION","United Kingdom","Loyal","For","ALDE/ADLE"
"Sergio BERLATO","Italy","Loyal","For","EPP"
"Luigi BERLINGUER","Italy","Loyal","For","S&D"
"Thijs BERMAN","Netherlands","Loyal","For","S&D"
"Nora BERRA","France","Didn't vote","Didn't vote","EPP"
"Pervenche BERÈS","France","Loyal","For","S&D"
"Jean-Paul BESSET","France","Loyal","For","Greens/EFA"
"Jean-Jacob BICEP","France","Didn't vote","Didn't vote","Greens/EFA"
"Adam BIELAN","Poland","Didn't vote","Didn't vote","ECR"
"Izaskun BILBAO BARANDICA","Spain","Loyal","For","ALDE/ADLE"
"Slavi BINEV","Bulgaria","Didn't vote","Didn't vote","NI"
"Lothar BISKY","Germany","Didn't vote","Didn't vote","GUE-NGL"
"Mara BIZZOTTO","Italy","Loyal","For","EFD"
"Vilija BLINKEVIČIŪTĖ","Lithuania","Absent","Absent","S&D"
"Godfrey BLOOM","United Kingdom","Absent","Absent","EFD"
"Sebastian Valentin BODU","Romania","Loyal","For","EPP"
"Lajos BOKROS","Hungary","Loyal","For","ECR"
"Vito BONSIGNORE","Italy","Loyal","For","EPP"
"Mario BORGHEZIO","Italy","Loyal","For","EFD"
"Rita BORSELLINO","Italy","Loyal","For","S&D"
"Piotr BORYS","Poland","Didn't vote","Didn't vote","EPP"
"Philippe BOULLAND","France","Loyal","For","EPP"
"José BOVÉ","France","Loyal","For","Greens/EFA"
"Sharon BOWLES","United Kingdom","Didn't vote","Didn't vote","ALDE/ADLE"
"Emine BOZKURT","Netherlands","Loyal","For","S&D"
"Victor BOŞTINARU","Romania","Loyal","For","S&D"
"Philip BRADBOURN","United Kingdom","Loyal","For","ECR"
"Franziska Katharina BRANTNER","Germany","Didn't vote","Didn't vote","Greens/EFA"
"Arkadiusz Tomasz BRATKOWSKI","Poland","Loyal","For","EPP"
"Frieda BREPOELS","Belgium","Loyal","For","Greens/EFA"
"Elmar BROK","Germany","Didn't vote","Didn't vote","EPP"
"Andrew Henry William BRONS","United Kingdom","Independent","Abstain","NI"
"Zuzana BRZOBOHATÁ","Czech Republic","Loyal","For","S&D"
"John BUFTON","United Kingdom","Rebel","Against","EFD"
"Udo BULLMANN","Germany","Didn't vote","Didn't vote","S&D"
"Simon BUSUTTIL","Malta","Didn't vote","Didn't vote","EPP"
"Jerzy BUZEK","Poland","Didn't vote","Didn't vote","EPP"
"Cristian Silviu BUŞOI","Romania","Loyal","For","ALDE/ADLE"
"Erik BÁNKI","Hungary","Didn't vote","Didn't vote","EPP"
"Sandrine BÉLIER","France","Didn't vote","Didn't vote","Greens/EFA"
"Reimer BÖGE","Germany","Loyal","For","EPP"
"Reinhard BÜTIKOFER","Germany","Didn't vote","Didn't vote","Greens/EFA"
"Elena BĂSESCU","Romania","Loyal","For","EPP"
"Jan BŘEZINA","Czech Republic","Loyal","For","EPP"
"Milan CABRNOCH","Czech Republic","Absent","Absent","ECR"
"Alain CADEC","France","Loyal","For","EPP"
"Martin CALLANAN","United Kingdom","Loyal","For","ECR"
"Wim van de CAMP","Netherlands","Didn't vote","Didn't vote","EPP"
"David CAMPBELL BANNERMAN","United Kingdom","Loyal","For","ECR"
"Antonio CANCIAN","Italy","Loyal","For","EPP"
"Luis Manuel CAPOULAS SANTOS","Portugal","Didn't vote","Didn't vote","S&D"
"Salvatore CARONNA","Italy","Loyal","For","S&D"
"Maria Da Graça CARVALHO","Portugal","Loyal","For","EPP"
"David CASA","Malta","Loyal","For","EPP"
"Michael CASHMAN","United Kingdom","Didn't vote","Didn't vote","S&D"
"Carlo CASINI","Italy","Loyal","For","EPP"
"Daniel CASPARY","Germany","Loyal","For","EPP"
"Françoise CASTEX","France","Didn't vote","Didn't vote","S&D"
"Pilar del CASTILLO VERA","Spain","Loyal","For","EPP"
"Jean-Marie CAVADA","France","Didn't vote","Didn't vote","EPP"
"Alejandro CERCAS","Spain","Loyal","For","S&D"
"Jorgo CHATZIMARKAKIS","Germany","Loyal","For","ALDE/ADLE"
"Giles CHICHESTER","United Kingdom","Didn't vote","Didn't vote","ECR"
"Nessa CHILDERS","Ireland","Didn't vote","Didn't vote","NI"
"Nikolaos CHOUNTIS","Greece","Loyal","Abstain","GUE-NGL"
"Ole CHRISTENSEN","Denmark","Absent","Absent","S&D"
"Nikos CHRYSOGELOS","Greece","Loyal","For","Greens/EFA"
"Philip CLAEYS","Belgium","Independent","Abstain","NI"
"Derek Roland CLARK","United Kingdom","Rebel","Against","EFD"
"Minodora CLIVETI","Romania","Loyal","For","S&D"
"Yves COCHET","France","Loyal","For","Greens/EFA"
"Carlos COELHO","Portugal","Loyal","For","EPP"
"Sergio Gaetano COFFERATI","Italy","Loyal","For","S&D"
"Daniel COHN-BENDIT","France","Loyal","For","Greens/EFA"
"Birgit COLLIN-LANGEN","Germany","Loyal","For","EPP"
"Trevor COLMAN","United Kingdom","Independent","Against","NI"
"Lara COMI","Italy","Didn't vote","Didn't vote","EPP"
"Anna Maria CORAZZA BILDT","Sweden","Loyal","For","EPP"
"Marije CORNELISSEN","Netherlands","Loyal","For","Greens/EFA"
"María Auxiliadora CORREA ZAMORA","Spain","Loyal","For","EPP"
"António Fernando CORREIA DE CAMPOS","Portugal","Loyal","For","S&D"
"Ricardo CORTÉS LASTRA","Spain","Loyal","For","S&D"
"Silvia COSTA","Italy","Didn't vote","Didn't vote","S&D"
"Emer COSTELLO","Ireland","Didn't vote","Didn't vote","S&D"
"Jean Louis COTTIGNY","France","Loyal","For","S&D"
"Andrea COZZOLINO","Italy","Didn't vote","Didn't vote","S&D"
"Michael CRAMER","Germany","Loyal","For","Greens/EFA"
"Jürgen CREUTZMANN","Germany","Loyal","For","ALDE/ADLE"
"Corina CREŢU","Romania","Loyal","For","S&D"
"Rosario CROCETTA","Italy","Absent","Absent","S&D"
"Tarja CRONBERG","Finland","Didn't vote","Didn't vote","Greens/EFA"
"Brian CROWLEY","Ireland","Didn't vote","Didn't vote","ALDE/ADLE"
"Joseph CUSCHIERI","Malta","Didn't vote","Didn't vote","S&D"
"George Sabin CUTAŞ","Romania","Loyal","For","S&D"
"Tadeusz CYMAŃSKI","Poland","Didn't vote","Didn't vote","EFD"
"Ryszard CZARNECKI","Poland","Didn't vote","Didn't vote","ECR"
"Frédéric DAERDEN","Belgium","Didn't vote","Didn't vote","S&D"
"Peter van DALEN","Netherlands","Loyal","For","ECR"
"Spyros DANELLIS","Greece","Loyal","For","S&D"
"Arnaud DANJEAN","France","Loyal","For","EPP"
"Michel DANTIN","France","Loyal","For","EPP"
"William (The Earl of) DARTMOUTH","United Kingdom","Rebel","Against","EFD"
"Rachida DATI","France","Loyal","For","EPP"
"Joseph DAUL","France","Loyal","For","EPP"
"Mário DAVID","Portugal","Loyal","For","EPP"
"Chris DAVIES","United Kingdom","Loyal","For","ALDE/ADLE"
"Francesco DE ANGELIS","Italy","Loyal","For","S&D"
"Philippe DE BACKER","Belgium","Loyal","For","ALDE/ADLE"
"Paolo DE CASTRO","Italy","Loyal","For","S&D"
"Véronique DE KEYSER","Belgium","Loyal","For","S&D"
"Luigi Ciriaco DE MITA","Italy","Absent","Absent","EPP"
"Christine DE VEYRAC","France","Didn't vote","Didn't vote","EPP"
"Jean-Luc DEHAENE","Belgium","Didn't vote","Didn't vote","EPP"
"Karima DELLI","France","Didn't vote","Didn't vote","Greens/EFA"
"Anne DELVAUX","Belgium","Loyal","For","EPP"
"Albert DESS","Germany","Loyal","For","EPP"
"Tamás DEUTSCH","Hungary","Loyal","For","EPP"
"Nirj DEVA","United Kingdom","Didn't vote","Didn't vote","ECR"
"Diane DODDS","United Kingdom","Independent","Against","NI"
"Leonardo DOMENICI","Italy","Loyal","For","S&D"
"Leonidas DONSKIS","Lithuania","Loyal","For","ALDE/ADLE"
"Herbert DORFMANN","Italy","Loyal","For","EPP"
"Dimitrios DROUTSAS","Greece","Loyal","For","S&D"
"Andrew DUFF","United Kingdom","Loyal","For","ALDE/ADLE"
"Isabelle DURANT","Belgium","Didn't vote","Didn't vote","Greens/EFA"
"Robert DUŠEK","Czech Republic","Loyal","For","S&D"
"Harlem DÉSIR","France","Didn't vote","Didn't vote","S&D"
"Agustín DÍAZ DE MERA GARCÍA CONSUEGRA","Spain","Loyal","For","EPP"
"Vasilica Viorica DĂNCILĂ","Romania","Didn't vote","Didn't vote","S&D"
"Christian EHLER","Germany","Loyal","For","EPP"
"Martin EHRENHAUSER","Austria","Independent","Abstain","NI"
"Bas EICKHOUT","Netherlands","Loyal","For","Greens/EFA"
"Saïd EL KHADRAOUI","Belgium","Loyal","For","S&D"
"James ELLES","United Kingdom","Didn't vote","Didn't vote","ECR"
"Ioan ENCIU","Romania","Loyal","For","S&D"
"Frank ENGEL","Luxembourg","Loyal","For","EPP"
"Christian ENGSTRÖM","Sweden","Loyal","For","Greens/EFA"
"Derk Jan EPPINK","Belgium","Loyal","For","ECR"
"Cornelia ERNST","Germany","Didn't vote","Didn't vote","GUE-NGL"
"Ismail ERTUG","Germany","Didn't vote","Didn't vote","S&D"
"Sari ESSAYAH","Finland","Loyal","For","EPP"
"Rosa ESTARÀS FERRAGUT","Spain","Rebel","Abstain","EPP"
"Edite ESTRELA","Portugal","Loyal","For","S&D"
"Jill EVANS","United Kingdom","Loyal","For","Greens/EFA"
"Hynek FAJMON","Czech Republic","Loyal","For","ECR"
"Tanja FAJON","Slovenia","Loyal","For","S&D"
"Richard FALBR","Czech Republic","Loyal","For","S&D"
"Nigel FARAGE","United Kingdom","Rebel","Against","EFD"
"Diogo FEIO","Portugal","Didn't vote","Didn't vote","EPP"
"Markus FERBER","Germany","Didn't vote","Didn't vote","EPP"
"José Manuel FERNANDES","Portugal","Loyal","For","EPP"
"Elisa FERREIRA","Portugal","Didn't vote","Didn't vote","S&D"
"João FERREIRA","Portugal","Rebel","For","GUE-NGL"
"Carlo FIDANZA","Italy","Loyal","For","EPP"
"Santiago FISAS AYXELA","Spain","Loyal","For","EPP"
"Christofer FJELLNER","Sweden","Loyal","For","EPP"
"Hélène FLAUTRE","France","Didn't vote","Didn't vote","Greens/EFA"
"Monika FLAŠÍKOVÁ BEŇOVÁ","Slovakia","Loyal","For","S&D"
"Knut FLECKENSTEIN","Germany","Loyal","For","S&D"
"Karl-Heinz FLORENZ","Germany","Loyal","For","EPP"
"Lorenzo FONTANA","Italy","Loyal","For","EFD"
"Vicky FORD","United Kingdom","Didn't vote","Didn't vote","ECR"
"Jacqueline FOSTER","United Kingdom","Loyal","For","ECR"
"Ashley FOX","United Kingdom","Loyal","For","ECR"
"Carmen FRAGA ESTÉVEZ","Spain","Loyal","For","EPP"
"Gaston FRANCO","France","Loyal","For","EPP"
"Göran FÄRM","Sweden","Loyal","For","S&D"
"Mariya GABRIEL","Bulgaria","Loyal","For","EPP"
"Michael GAHLER","Germany","Didn't vote","Didn't vote","EPP"
"Pat the Cope GALLAGHER","Ireland","Didn't vote","Didn't vote","ALDE/ADLE"
"Marielle GALLO","France","Didn't vote","Didn't vote","EPP"
"Vicente Miguel GARCÉS RAMÓN","Spain","Loyal","For","S&D"
"Iratxe GARCÍA PÉREZ","Spain","Loyal","For","S&D"
"Dolores GARCÍA-HIERRO CARABALLO","Spain","Loyal","For","S&D"
"Eider GARDIAZÁBAL RUBIAL","Spain","Loyal","For","S&D"
"Elisabetta GARDINI","Italy","Loyal","For","EPP"
"Giuseppe GARGANI","Italy","Loyal","For","EPP"
"Salvador GARRIGA POLLEDO","Spain","Loyal","For","EPP"
"Jean-Paul GAUZÈS","France","Didn't vote","Didn't vote","EPP"
"Evelyne GEBHARDT","Germany","Absent","Absent","S&D"
"Jens GEIER","Germany","Loyal","For","S&D"
"Gerben-Jan GERBRANDY","Netherlands","Loyal","For","ALDE/ADLE"
"Lidia Joanna GERINGER de OEDENBERG","Poland","Loyal","For","S&D"
"Marietta GIANNAKOU","Greece","Didn't vote","Didn't vote","EPP"
"Sven GIEGOLD","Germany","Loyal","For","Greens/EFA"
"Adam GIEREK","Poland","Loyal","For","S&D"
"Julie GIRLING","United Kingdom","Loyal","For","ECR"
"Norbert GLANTE","Germany","Didn't vote","Didn't vote","S&D"
"Béla GLATTFELDER","Hungary","Loyal","For","EPP"
"Ivars GODMANIS","Latvia","Loyal","For","ALDE/ADLE"
"Robert GOEBBELS","Luxembourg","Loyal","For","S&D"
"Charles GOERENS","Luxembourg","Didn't vote","Didn't vote","ALDE/ADLE"
"Bruno GOLLNISCH","France","Absent","Absent","NI"
"Ana GOMES","Portugal","Didn't vote","Didn't vote","S&D"
"Sylvie GOULARD","France","Didn't vote","Didn't vote","ALDE/ADLE"
"Luis de GRANDES PASCUAL","Spain","Loyal","For","EPP"
"Louis GRECH","Malta","Absent","Absent","S&D"
"Nathalie GRIESBECK","France","Loyal","For","ALDE/ADLE"
"Nick GRIFFIN","United Kingdom","Didn't vote","Didn't vote","NI"
"Matthias GROOTE","Germany","Loyal","For","S&D"
"Mathieu GROSCH","Belgium","Loyal","For","EPP"
"Françoise GROSSETÊTE","France","Loyal","For","EPP"
"Andrzej GRZYB","Poland","Didn't vote","Didn't vote","EPP"
"Ingeborg GRÄSSLE","Germany","Didn't vote","Didn't vote","EPP"
"Catherine GRÈZE","France","Didn't vote","Didn't vote","Greens/EFA"
"Marek Józef GRÓBARCZYK","Poland","Didn't vote","Didn't vote","ECR"
"Roberto GUALTIERI","Italy","Loyal","For","S&D"
"Enrique GUERRERO SALOM","Spain","Loyal","For","S&D"
"Sylvie GUILLAUME","France","Loyal","For","S&D"
"Zita GURMAI","Hungary","Loyal","For","S&D"
"Mikael GUSTAFSSON","Sweden","Absent","Absent","GUE-NGL"
"Sergio GUTIÉRREZ PRIETO","Spain","Loyal","For","S&D"
"Cristina GUTIÉRREZ-CORTINES","Spain","Absent","Absent","EPP"
"András GYÜRK","Hungary","Didn't vote","Didn't vote","EPP"
"Kinga GÁL","Hungary","Loyal","For","EPP"
"Ildikó GÁLL-PELCZ","Hungary","Loyal","For","EPP"
"Kinga GÖNCZ","Hungary","Loyal","For","S&D"
"Takis HADJIGEORGIOU","Cyprus","Didn't vote","Didn't vote","GUE-NGL"
"Fiona HALL","United Kingdom","Didn't vote","Didn't vote","ALDE/ADLE"
"Małgorzata HANDZLIK","Poland","Loyal","For","EPP"
"Ágnes HANKISS","Hungary","Absent","Absent","EPP"
"Daniel HANNAN","United Kingdom","Absent","Absent","ECR"
"Malcolm HARBOUR","United Kingdom","Loyal","For","ECR"
"Marian HARKIN","Ireland","Loyal","For","ALDE/ADLE"
"Rebecca HARMS","Germany","Loyal","For","Greens/EFA"
"Lucas HARTONG","Netherlands","Independent","Against","NI"
"Satu HASSI","Finland","Loyal","For","Greens/EFA"
"Jutta HAUG","Germany","Didn't vote","Didn't vote","S&D"
"Anna HEDH","Sweden","Loyal","For","S&D"
"Roger HELMER","United Kingdom","Rebel","Against","EFD"
"Edit HERCZOG","Hungary","Loyal","For","S&D"
"Esther HERRANZ GARCÍA","Spain","Didn't vote","Didn't vote","EPP"
"Jolanta Emilia HIBNER","Poland","Loyal","For","EPP"
"Jim HIGGINS","Ireland","Loyal","For","EPP"
"Nadja HIRSCH","Germany","Didn't vote","Didn't vote","ALDE/ADLE"
"Liem HOANG NGOC","France","Loyal","For","S&D"
"Monika HOHLMEIER","Germany","Loyal","For","EPP"
"Mary HONEYBALL","United Kingdom","Loyal","For","S&D"
"Brice HORTEFEUX","France","Loyal","For","EPP"
"Richard HOWITT","United Kingdom","Absent","Absent","S&D"
"Ian HUDGHTON","United Kingdom","Loyal","For","Greens/EFA"
"Stephen HUGHES","United Kingdom","Loyal","For","S&D"
"Filiz Hakaeva HYUSMENOVA","Bulgaria","Loyal","For","ALDE/ADLE"
"Gerald HÄFNER","Germany","Didn't vote","Didn't vote","Greens/EFA"
"Thomas HÄNDEL","Germany","Loyal","Abstain","GUE-NGL"
"Martin HÄUSLING","Germany","Loyal","For","Greens/EFA"
"Jacky HÉNIN","France","Didn't vote","Didn't vote","GUE-NGL"
"Gunnar HÖKMARK","Sweden","Loyal","For","EPP"
"Danuta Maria HÜBNER","Poland","Loyal","For","EPP"
"Salvatore IACOLINO","Italy","Absent","Absent","EPP"
"Anna IBRISAGIC","Sweden","Loyal","For","EPP"
"Stanimir ILCHEV","Bulgaria","Didn't vote","Didn't vote","ALDE/ADLE"
"Juozas IMBRASAS","Lithuania","Didn't vote","Didn't vote","EFD"
"Iliana Malinova IOTOVA","Bulgaria","Loyal","For","S&D"
"Vincenzo IOVINE","Italy","Loyal","For","S&D"
"María IRIGOYEN PÉREZ","Spain","Loyal","For","S&D"
"Carlos José ITURGAIZ ANGULO","Spain","Didn't vote","Didn't vote","EPP"
"Cătălin Sorin IVAN","Romania","Loyal","For","S&D"
"Iliana IVANOVA","Bulgaria","Loyal","For","EPP"
"Laurence J.A.J. STASSEN","Netherlands","Independent","Against","NI"
"Liisa JAAKONSAARI","Finland","Loyal","For","S&D"
"Yannick JADOT","France","Didn't vote","Didn't vote","Greens/EFA"
"Peter JAHR","Germany","Loyal","For","EPP"
"Danuta JAZŁOWIECKA","Poland","Loyal","For","EPP"
"Elisabeth JEGGLE","Germany","Loyal","For","EPP"
"Anne E. JENSEN","Denmark","Loyal","For","ALDE/ADLE"
"Teresa JIMÉNEZ-BECERRIL BARRIO","Spain","Loyal","For","EPP"
"Kent JOHANSSON","Sweden","Loyal","For","ALDE/ADLE"
"Eva JOLY","France","Didn't vote","Didn't vote","Greens/EFA"
"Cornelis de JONG","Netherlands","Didn't vote","Didn't vote","GUE-NGL"
"Romana JORDAN","Slovenia","Loyal","For","EPP"
"Philippe JUVIN","France","Loyal","For","EPP"
"Lívia JÁRÓKA","Hungary","Loyal","For","EPP"
"Anneli JÄÄTTEENMÄKI","Finland","Didn't vote","Didn't vote","ALDE/ADLE"
"Dan JØRGENSEN","Denmark","Loyal","For","S&D"
"Sidonia Elżbieta JĘDRZEJEWSKA","Poland","Loyal","For","EPP"
"Jelko KACIN","Slovenia","Loyal","For","ALDE/ADLE"
"Filip KACZMAREK","Poland","Loyal","For","EPP"
"Karin KADENBACH","Austria","Loyal","For","S&D"
"Ivailo KALFIN","Bulgaria","Loyal","For","S&D"
"Jarosław KALINOWSKI","Poland","Loyal","For","EPP"
"Sandra KALNIETE","Latvia","Loyal","For","EPP"
"Syed KAMALL","United Kingdom","Loyal","For","ECR"
"Michał Tomasz KAMIŃSKI","Poland","Loyal","For","ECR"
"Patricia van der KAMMEN","Netherlands","Independent","Against","NI"
"Petra KAMMEREVERT","Germany","Didn't vote","Didn't vote","S&D"
"Othmar KARAS","Austria","Didn't vote","Didn't vote","EPP"
"Sajjad KARIM","United Kingdom","Loyal","For","ECR"
"Krišjānis KARIŅŠ","Latvia","Loyal","For","EPP"
"Ioannis KASOULIDES","Cyprus","Loyal","For","EPP"
"Martin KASTLER","Germany","Loyal","For","EPP"
"Metin KAZAK","Bulgaria","Loyal","For","ALDE/ADLE"
"Tunne KELAM","Estonia","Loyal","For","EPP"
"Franziska KELLER","Germany","Loyal","For","Greens/EFA"
"Seán KELLY","Ireland","Loyal","For","EPP"
"Nicole KIIL-NIELSEN","France","Didn't vote","Didn't vote","Greens/EFA"
"Evgeni KIRILOV","Bulgaria","Didn't vote","Didn't vote","S&D"
"Timothy KIRKHOPE","United Kingdom","Absent","Absent","ECR"
"Christa KLASS","Germany","Loyal","For","EPP"
"Mojca KLEVA KEKUŠ","Slovenia","Loyal","For","S&D"
"Wolf KLINZ","Germany","Didn't vote","Didn't vote","ALDE/ADLE"
"Jürgen KLUTE","Germany","Loyal","Abstain","GUE-NGL"
"Dieter-Lebrecht KOCH","Germany","Loyal","For","EPP"
"Silvana KOCH-MEHRIN","Germany","Didn't vote","Didn't vote","ALDE/ADLE"
"Jaromír KOHLÍČEK","Czech Republic","Loyal","Abstain","GUE-NGL"
"Lena KOLARSKA-BOBIŃSKA","Poland","Loyal","For","EPP"
"Maria Eleni KOPPA","Greece","Loyal","For","S&D"
"Eija-Riitta KORHOLA","Finland","Didn't vote","Didn't vote","EPP"
"Georgios KOUMOUTSAKOS","Greece","Didn't vote","Didn't vote","EPP"
"Andrey KOVATCHEV","Bulgaria","Didn't vote","Didn't vote","EPP"
"Béla KOVÁCS","Hungary","Absent","Absent","NI"
"Paweł Robert KOWAL","Poland","Didn't vote","Didn't vote","ECR"
"Sergej KOZLÍK","Slovakia","Didn't vote","Didn't vote","ALDE/ADLE"
"Jan KOZŁOWSKI","Poland","Loyal","For","EPP"
"Edvard KOŽUŠNÍK","Czech Republic","Loyal","For","ECR"
"Holger KRAHMER","Germany","Loyal","For","ALDE/ADLE"
"Rodi KRATSA-TSAGAROPOULOU","Greece","Loyal","For","EPP"
"Constanze Angela KREHL","Germany","Loyal","For","S&D"
"Wolfgang KREISSL-DÖRFLER","Germany","Loyal","For","S&D"
"Werner KUHN","Germany","Loyal","For","EPP"
"Eduard KUKAN","Slovakia","Didn't vote","Didn't vote","EPP"
"Jacek Olgierd KURSKI","Poland","Didn't vote","Didn't vote","EFD"
"Ádám KÓSA","Hungary","Loyal","For","EPP"
"Elisabeth KÖSTINGER","Austria","Didn't vote","Didn't vote","EPP"
"Giovanni LA VIA","Italy","Loyal","For","EPP"
"Alain LAMASSOURE","France","Loyal","For","EPP"
"Jean LAMBERT","United Kingdom","Didn't vote","Didn't vote","Greens/EFA"
"Philippe LAMBERTS","Belgium","Didn't vote","Didn't vote","Greens/EFA"
"Alexander Graf LAMBSDORFF","Germany","Loyal","For","ALDE/ADLE"
"Vytautas LANDSBERGIS","Lithuania","Loyal","For","EPP"
"Bernd LANGE","Germany","Loyal","For","S&D"
"Esther de LANGE","Netherlands","Didn't vote","Didn't vote","EPP"
"Werner LANGEN","Germany","Didn't vote","Didn't vote","EPP"
"Agnès LE BRUN","France","Loyal","For","EPP"
"Constance LE GRIP","France","Didn't vote","Didn't vote","EPP"
"Patrick LE HYARIC","France","Loyal","Abstain","GUE-NGL"
"Jean-Marie LE PEN","France","Didn't vote","Didn't vote","NI"
"Marine LE PEN","France","Independent","Against","NI"
"Ryszard Antoni LEGUTKO","Poland","Loyal","For","ECR"
"Klaus-Heiner LEHNE","Germany","Didn't vote","Didn't vote","EPP"
"Jörg LEICHTFRIED","Austria","Loyal","For","S&D"
"Jo LEINEN","Germany","Loyal","For","S&D"
"Corinne LEPAGE","France","Didn't vote","Didn't vote","ALDE/ADLE"
"Bogusław LIBERADZKI","Poland","Loyal","For","S&D"
"Eva LICHTENBERGER","Austria","Didn't vote","Didn't vote","Greens/EFA"
"Peter LIESE","Germany","Loyal","For","EPP"
"Kartika Tamara LIOTARD","Netherlands","Didn't vote","Didn't vote","GUE-NGL"
"Krzysztof LISEK","Poland","Didn't vote","Didn't vote","EPP"
"Barbara LOCHBIHLER","Germany","Loyal","For","Greens/EFA"
"Verónica LOPE FONTAGNÉ","Spain","Loyal","For","EPP"
"Baroness Sarah LUDFORD","United Kingdom","Loyal","For","ALDE/ADLE"
"Olle LUDVIGSSON","Sweden","Loyal","For","S&D"
"Petru Constantin LUHAN","Romania","Loyal","For","EPP"
"Astrid LULLING","Luxembourg","Loyal","For","EPP"
"Ulrike LUNACEK","Austria","Didn't vote","Didn't vote","Greens/EFA"
"George LYON","United Kingdom","Loyal","For","ALDE/ADLE"
"Juan Fernando LÓPEZ AGUILAR","Spain","Didn't vote","Didn't vote","S&D"
"Antonio LÓPEZ-ISTÚRIZ WHITE","Spain","Didn't vote","Didn't vote","EPP"
"Sabine LÖSING","Germany","Loyal","Abstain","GUE-NGL"
"Isabella LÖVIN","Sweden","Loyal","For","Greens/EFA"
"Morten LØKKEGAARD","Denmark","Loyal","For","ALDE/ADLE"
"Monica Luisa MACOVEI","Romania","Loyal","For","EPP"
"Svetoslav Hristov MALINOV","Bulgaria","Loyal","For","EPP"
"Toine MANDERS","Netherlands","Loyal","For","ALDE/ADLE"
"Thomas MANN","Germany","Loyal","For","EPP"
"Bogdan Kazimierz MARCINKIEWICZ","Poland","Loyal","For","EPP"
"Marian-Jean MARINESCU","Romania","Loyal","For","EPP"
"David MARTIN","United Kingdom","Loyal","For","S&D"
"Hans-Peter MARTIN","Austria","Independent","Abstain","NI"
"Miguel Angel MARTÍNEZ MARTÍNEZ","Spain","Didn't vote","Didn't vote","S&D"
"Antonio MASIP HIDALGO","Spain","Loyal","For","S&D"
"Clemente MASTELLA","Italy","Didn't vote","Didn't vote","EPP"
"Barbara MATERA","Italy","Loyal","For","EPP"
"Véronique MATHIEU HOUILLON","France","Loyal","For","EPP"
"Marisa MATIAS","Portugal","Loyal","Abstain","GUE-NGL"
"Gabriel MATO ADROVER","Spain","Loyal","For","EPP"
"Iosif MATULA","Romania","Loyal","For","EPP"
"Mario MAURO","Italy","Loyal","For","EPP"
"Hans-Peter MAYER","Germany","Loyal","For","EPP"
"Jaime MAYOR OREJA","Spain","Absent","Absent","EPP"
"Zofija MAZEJ KUKOVIČ","Slovenia","Loyal","For","EPP"
"Erminia MAZZONI","Italy","Didn't vote","Didn't vote","EPP"
"Vladimír MAŇKA","Slovakia","Loyal","For","S&D"
"Jiří MAŠTÁLKA","Czech Republic","Loyal","Abstain","GUE-NGL"
"Linda McAVAN","United Kingdom","Loyal","For","S&D"
"Arlene McCARTHY","United Kingdom","Loyal","For","S&D"
"Emma McCLARKIN","United Kingdom","Loyal","For","ECR"
"Mairead McGUINNESS","Ireland","Loyal","For","EPP"
"Anthea McINTYRE","United Kingdom","Loyal","For","ECR"
"Edward McMILLAN-SCOTT","United Kingdom","Loyal","For","ALDE/ADLE"
"Gesine MEISSNER","Germany","Didn't vote","Didn't vote","ALDE/ADLE"
"Nuno MELO","Portugal","Loyal","For","EPP"
"Emilio MENÉNDEZ del VALLE","Spain","Didn't vote","Didn't vote","S&D"
"Judith A. MERKIES","Netherlands","Loyal","For","S&D"
"Morten MESSERSCHMIDT","Denmark","Rebel","Against","EFD"
"Willy MEYER","Spain","Loyal","Abstain","GUE-NGL"
"Louis MICHEL","Belgium","Loyal","For","ALDE/ADLE"
"Marek Henryk MIGALSKI","Poland","Loyal","For","ECR"
"Miroslav MIKOLÁŠIK","Slovakia","Didn't vote","Didn't vote","EPP"
"Guido MILANA","Italy","Loyal","For","S&D"
"Francisco José MILLÁN MON","Spain","Absent","Absent","EPP"
"Ana MIRANDA","Spain","Loyal","For","Greens/EFA"
"Alexander MIRSKY","Latvia","Didn't vote","Didn't vote","S&D"
"Gay MITCHELL","Ireland","Loyal","For","EPP"
"Claude MORAES","United Kingdom","Loyal","For","S&D"
"Vital MOREIRA","Portugal","Loyal","For","S&D"
"Claudio MORGANTI","Italy","Loyal","For","EFD"
"Elisabeth MORIN-CHARTIER","France","Didn't vote","Didn't vote","EPP"
"Radvilė MORKŪNAITĖ-MIKULĖNIENĖ","Lithuania","Didn't vote","Didn't vote","EPP"
"Krisztina MORVAI","Hungary","Absent","Absent","NI"
"Tiziano MOTTI","Italy","Loyal","For","EPP"
"Jan MULDER","Netherlands","Loyal","For","ALDE/ADLE"
"Paul MURPHY","Ireland","Loyal","Abstain","GUE-NGL"
"Cristiana MUSCARDINI","Italy","Didn't vote","Didn't vote","ECR"
"María MUÑIZ DE URQUIZA","Spain","Loyal","For","S&D"
"Vojtěch MYNÁŘ","Czech Republic","Loyal","For","S&D"
"Jean-Luc MÉLENCHON","France","Loyal","Abstain","GUE-NGL"
"Alajos MÉSZÁROS","Slovakia","Loyal","For","EPP"
"Andreas MÖLZER","Austria","Didn't vote","Didn't vote","NI"
"Ramona Nicole MĂNESCU","Romania","Loyal","For","ALDE/ADLE"
"Juan Andrés NARANJO ESCOBAR","Spain","Loyal","For","EPP"
"Mike NATTRASS","United Kingdom","Independent","Against","NI"
"Norbert NEUSER","Germany","Loyal","For","S&D"
"Katarína NEVEĎALOVÁ","Slovakia","Loyal","For","S&D"
"Bill NEWTON DUNN","United Kingdom","Loyal","For","ALDE/ADLE"
"Nadezhda NEYNSKY","Bulgaria","Loyal","For","EPP"
"Annemie NEYTS-UYTTEBROECK","Belgium","Loyal","For","ALDE/ADLE"
"James NICHOLSON","United Kingdom","Didn't vote","Didn't vote","ECR"
"Norica NICOLAI","Romania","Loyal","For","ALDE/ADLE"
"Rareş-Lucian NICULESCU","Romania","Loyal","For","EPP"
"Angelika NIEBLER","Germany","Didn't vote","Didn't vote","EPP"
"Jens NILSSON","Sweden","Didn't vote","Didn't vote","S&D"
"Lambert van NISTELROOIJ","Netherlands","Loyal","For","EPP"
"Sławomir NITRAS","Poland","Didn't vote","Didn't vote","EPP"
"Paul NUTTALL","United Kingdom","Didn't vote","Didn't vote","EFD"
"Franz OBERMAYR","Austria","Independent","Against","NI"
"Raimon OBIOLS","Spain","Loyal","For","S&D"
"Kristiina OJULAND","Estonia","Loyal","For","ALDE/ADLE"
"Jan OLBRYCHT","Poland","Loyal","For","EPP"
"Wojciech Michał OLEJNICZAK","Poland","Didn't vote","Didn't vote","S&D"
"Younous OMARJEE","France","Didn't vote","Didn't vote","GUE-NGL"
"Ria OOMEN-RUIJTEN","Netherlands","Loyal","For","EPP"
"Eva ORTIZ VILELLA","Spain","Loyal","For","EPP"
"Miroslav OUZKÝ","Czech Republic","Didn't vote","Didn't vote","ECR"
"Siiri OVIIR","Estonia","Loyal","For","ALDE/ADLE"
"Doris PACK","Germany","Loyal","For","EPP"
"Ivari PADAR","Estonia","Loyal","For","S&D"
"Riikka PAKARINEN","Finland","Didn't vote","Didn't vote","ALDE/ADLE"
"Rolandas PAKSAS","Lithuania","Absent","Absent","EFD"
"Justas Vincas PALECKIS","Lithuania","Absent","Absent","S&D"
"Chrysoula PALIADELI","Greece","Loyal","For","S&D"
"Alfredo PALLONE","Italy","Didn't vote","Didn't vote","EPP"
"Vladko Todorov PANAYOTOV","Bulgaria","Loyal","For","ALDE/ADLE"
"Pier Antonio PANZERI","Italy","Didn't vote","Didn't vote","S&D"
"Antigoni PAPADOPOULOU","Cyprus","Didn't vote","Didn't vote","S&D"
"Georgios PAPANIKOLAOU","Greece","Loyal","For","EPP"
"Georgios PAPASTAMKOS","Greece","Loyal","For","EPP"
"Gilles PARGNEAUX","France","Absent","Absent","S&D"
"Antonyia PARVANOVA","Bulgaria","Loyal","For","ALDE/ADLE"
"Aldo PATRICIELLO","Italy","Didn't vote","Didn't vote","EPP"
"Maria do Céu PATRÃO NEVES","Portugal","Loyal","For","EPP"
"Marit PAULSEN","Sweden","Absent","Absent","ALDE/ADLE"
"Ioan Mircea PAŞCU","Romania","Loyal","For","S&D"
"Jaroslav PAŠKA","Slovakia","Rebel","Abstain","EFD"
"Andrés PERELLÓ RODRÍGUEZ","Spain","Loyal","For","S&D"
"Alojz PETERLE","Slovenia","Loyal","For","EPP"
"Markus PIEPER","Germany","Loyal","For","EPP"
"Sirpa PIETIKÄINEN","Finland","Loyal","For","EPP"
"Mirosław PIOTROWSKI","Poland","Didn't vote","Didn't vote","ECR"
"Mario PIRILLO","Italy","Loyal","For","S&D"
"Hubert PIRKER","Austria","Loyal","For","EPP"
"Gianni PITTELLA","Italy","Didn't vote","Didn't vote","S&D"
"Pavel POC","Czech Republic","Loyal","For","S&D"
"Anni PODIMATA","Greece","Didn't vote","Didn't vote","S&D"
"Maurice PONGA","France","Loyal","For","EPP"
"Tomasz Piotr PORĘBA","Poland","Didn't vote","Didn't vote","ECR"
"Bernd POSSELT","Germany","Loyal","For","EPP"
"Konstantinos POUPAKIS","Greece","Loyal","For","EPP"
"Cristian Dan PREDA","Romania","Loyal","For","EPP"
"Phil PRENDERGAST","Ireland","Loyal","For","S&D"
"Vittorio PRODI","Italy","Loyal","For","S&D"
"Jacek PROTASIEWICZ","Poland","Loyal","For","EPP"
"Franck PROUST","France","Loyal","For","EPP"
"Fiorello PROVERA","Italy","Loyal","For","EFD"
"Hans-Gert PÖTTERING","Germany","Loyal","For","EPP"
"Godelieve QUISTHOUDT-ROWOHL","Germany","Loyal","For","EPP"
"Paulo RANGEL","Portugal","Loyal","For","EPP"
"Miloslav RANSDORF","Czech Republic","Rebel","Against","GUE-NGL"
"Bernhard RAPKAY","Germany","Loyal","For","S&D"
"Sylvana RAPTI","Greece","Loyal","For","S&D"
"Evelyn REGNER","Austria","Loyal","For","S&D"
"Britta REIMERS","Germany","Loyal","For","ALDE/ADLE"
"Vladimír REMEK","Czech Republic","Loyal","Abstain","GUE-NGL"
"Mitro REPO","Finland","Loyal","For","S&D"
"Herbert REUL","Germany","Didn't vote","Didn't vote","EPP"
"Teresa RIERA MADURELL","Spain","Loyal","For","S&D"
"Frédérique RIES","Belgium","Loyal","For","ALDE/ADLE"
"Niccolò RINALDI","Italy","Didn't vote","Didn't vote","ALDE/ADLE"
"Dominique RIQUET","France","Loyal","For","EPP"
"Michèle RIVASI","France","Didn't vote","Didn't vote","Greens/EFA"
"Crescenzio RIVELLINI","Italy","Didn't vote","Didn't vote","EPP"
"Jean ROATTA","France","Loyal","For","EPP"
"Robert ROCHEFORT","France","Loyal","For","ALDE/ADLE"
"Ulrike RODUST","Germany","Loyal","For","S&D"
"Jens ROHDE","Denmark","Didn't vote","Didn't vote","ALDE/ADLE"
"Zuzana ROITHOVÁ","Czech Republic","Didn't vote","Didn't vote","EPP"
"Carmen ROMERO LÓPEZ","Spain","Loyal","For","S&D"
"Raül ROMEVA i RUEDA","Spain","Loyal","For","Greens/EFA"
"Licia RONZULLI","Italy","Didn't vote","Didn't vote","EPP"
"Anna ROSBACH","Denmark","Loyal","For","ECR"
"Oreste ROSSI","Italy","Loyal","For","EFD"
"Dagmar ROTH-BEHRENDT","Germany","Loyal","For","S&D"
"Libor ROUČEK","Czech Republic","Loyal","For","S&D"
"Alfreds RUBIKS","Latvia","Loyal","Abstain","GUE-NGL"
"Paul RÜBIG","Austria","Loyal","For","EPP"
"Heide RÜHLE","Germany","Didn't vote","Didn't vote","Greens/EFA"
"José Ignacio SALAFRANCA SÁNCHEZ-NEYRA","Spain","Didn't vote","Didn't vote","EPP"
"Potito SALATTO","Italy","Loyal","For","EPP"
"Nikolaos SALAVRAKOS","Greece","Loyal","For","EFD"
"Matteo SALVINI","Italy","Loyal","For","EFD"
"Marie-Thérèse SANCHEZ-SCHMID","France","Didn't vote","Didn't vote","EPP"
"Judith SARGENTINI","Netherlands","Loyal","For","Greens/EFA"
"Marielle de SARNEZ","France","Didn't vote","Didn't vote","ALDE/ADLE"
"Amalia SARTORI","Italy","Loyal","For","EPP"
"Petri SARVAMAA","Finland","Loyal","For","EPP"
"Jacek SARYUSZ-WOLSKI","Poland","Loyal","For","EPP"
"David-Maria SASSOLI","Italy","Didn't vote","Didn't vote","S&D"
"Algirdas SAUDARGAS","Lithuania","Loyal","For","EPP"
"Vilja SAVISAAR-TOOMAST","Estonia","Loyal","For","ALDE/ADLE"
"Tokia SAÏFI","France","Loyal","For","EPP"
"Marietje SCHAAKE","Netherlands","Loyal","For","ALDE/ADLE"
"Christel SCHALDEMOSE","Denmark","Loyal","For","S&D"
"Carl SCHLYTER","Sweden","Loyal","For","Greens/EFA"
"Olle SCHMIDT","Sweden","Loyal","For","ALDE/ADLE"
"Horst SCHNELLHARDT","Germany","Loyal","For","EPP"
"Birgit SCHNIEBER-JASTRAM","Germany","Didn't vote","Didn't vote","EPP"
"Helmut SCHOLZ","Germany","Loyal","Abstain","GUE-NGL"
"Elisabeth SCHROEDTER","Germany","Loyal","For","Greens/EFA"
"Martin SCHULZ","Germany","Didn't vote","Didn't vote","S&D"
"Werner SCHULZ","Germany","Didn't vote","Didn't vote","Greens/EFA"
"Andreas SCHWAB","Germany","Loyal","For","EPP"
"György SCHÖPFLIN","Hungary","Loyal","For","EPP"
"Edward SCICLUNA","Malta","Didn't vote","Didn't vote","S&D"
"Giancarlo SCOTTÀ","Italy","Didn't vote","Didn't vote","EFD"
"Marco SCURRIA","Italy","Loyal","For","EPP"
"Salvador SEDÓ i ALABART","Spain","Didn't vote","Didn't vote","EPP"
"Richard SEEBER","Austria","Loyal","For","EPP"
"Olga SEHNALOVÁ","Czech Republic","Loyal","For","S&D"
"Joanna SENYSZYN","Poland","Loyal","For","S&D"
"Debora SERRACCHIANI","Italy","Didn't vote","Didn't vote","S&D"
"Adrian SEVERIN","Romania","Didn't vote","Didn't vote","NI"
"Czesław Adam SIEKIERSKI","Poland","Didn't vote","Didn't vote","EPP"
"Sergio Paolo Francesco SILVESTRIS","Italy","Loyal","For","EPP"
"Peter SIMON","Germany","Loyal","For","S&D"
"Brian SIMPSON","United Kingdom","Loyal","For","S&D"
"Nicole SINCLAIRE","United Kingdom","Independent","Against","NI"
"Birgit SIPPEL","Germany","Loyal","For","S&D"
"Marek SIWIEC","Poland","Loyal","For","S&D"
"Peter SKINNER","United Kingdom","Loyal","For","S&D"
"Joanna Katarzyna SKRZYDLEWSKA","Poland","Loyal","For","EPP"
"Theodoros SKYLAKAKIS","Greece","Loyal","For","ALDE/ADLE"
"Alyn SMITH","United Kingdom","Didn't vote","Didn't vote","Greens/EFA"
"Monika SMOLKOVÁ","Slovakia","Didn't vote","Didn't vote","S&D"
"Renate SOMMER","Germany","Loyal","For","EPP"
"Bogusław SONIK","Poland","Didn't vote","Didn't vote","EPP"
"Sophocles SOPHOCLEOUS","Cyprus","Absent","Absent","S&D"
"Francisco SOSA WAGNER","Spain","Independent","For","NI"
"Alda SOUSA","Portugal","Loyal","Abstain","GUE-NGL"
"Francesco Enrico SPERONI","Italy","Loyal","For","EFD"
"Ewald STADLER","Austria","Absent","Absent","NI"
"Bart STAES","Belgium","Loyal","For","Greens/EFA"
"Georgios STAVRAKAKIS","Greece","Loyal","For","S&D"
"Jutta STEINRUCK","Germany","Loyal","For","S&D"
"Struan STEVENSON","United Kingdom","Loyal","For","ECR"
"Catherine STIHLER","United Kingdom","Loyal","For","S&D"
"Daniël van der STOEP","Netherlands","Independent","Against","NI"
"Theodor Dumitru STOLOJAN","Romania","Loyal","For","EPP"
"Dimitar STOYANOV","Bulgaria","Independent","For","NI"
"Emil STOYANOV","Bulgaria","Didn't vote","Didn't vote","EPP"
"Ivo STREJČEK","Czech Republic","Loyal","For","ECR"
"Michèle STRIFFLER","France","Loyal","For","EPP"
"Robert STURDY","United Kingdom","Loyal","For","ECR"
"László SURJÁN","Hungary","Loyal","For","EPP"
"Gianluca SUSTA","Italy","Loyal","For","S&D"
"Alf SVENSSON","Sweden","Loyal","For","EPP"
"Kay SWINBURNE","United Kingdom","Loyal","For","ECR"
"Hannes SWOBODA","Austria","Loyal","For","S&D"
"Csanád SZEGEDI","Hungary","Independent","For","NI"
"Konrad SZYMAŃSKI","Poland","Loyal","For","ECR"
"József SZÁJER","Hungary","Loyal","For","EPP"
"Antolín SÁNCHEZ PRESEDO","Spain","Absent","Absent","S&D"
"Daciana Octavia SÂRBU","Romania","Loyal","For","S&D"
"Csaba SÓGOR","Romania","Loyal","For","EPP"
"Søren Bo SØNDERGAARD","Denmark","Loyal","Abstain","GUE-NGL"
"Csaba Sándor TABAJDI","Hungary","Loyal","For","S&D"
"Hannu TAKKULA","Finland","Loyal","For","ALDE/ADLE"
"Charles TANNOCK","United Kingdom","Loyal","For","ECR"
"Marc TARABELLA","Belgium","Loyal","For","S&D"
"Indrek TARAND","Estonia","Loyal","For","Greens/EFA"
"Salvatore TATARELLA","Italy","Didn't vote","Didn't vote","EPP"
"Rui TAVARES","Portugal","Loyal","For","Greens/EFA"
"Keith TAYLOR","United Kingdom","Didn't vote","Didn't vote","Greens/EFA"
"Rebecca TAYLOR","United Kingdom","Loyal","For","ALDE/ADLE"
"Nuno TEIXEIRA","Portugal","Loyal","For","EPP"
"Sampo TERHO","Finland","Rebel","Against","EFD"
"Alexandra THEIN","Germany","Didn't vote","Didn't vote","ALDE/ADLE"
"Eleni THEOCHAROUS","Cyprus","Loyal","For","EPP"
"Michael THEURER","Germany","Loyal","For","ALDE/ADLE"
"Isabelle THOMAS","France","Didn't vote","Didn't vote","S&D"
"Britta THOMSEN","Denmark","Didn't vote","Didn't vote","S&D"
"Róża Gräfin von THUN UND HOHENSTEIN","Poland","Didn't vote","Didn't vote","EPP"
"Marianne THYSSEN","Belgium","Didn't vote","Didn't vote","EPP"
"Patrice TIROLIEN","France","Loyal","For","S&D"
"Patrizia TOIA","Italy","Loyal","For","S&D"
"Valdemar TOMAŠEVSKI","Lithuania","Loyal","For","ECR"
"Nils TORVALDS","Finland","Didn't vote","Didn't vote","ALDE/ADLE"
"Georgios TOUSSAS","Greece","Absent","Absent","GUE-NGL"
"Evžen TOŠENOVSKÝ","Czech Republic","Loyal","For","ECR"
"Catherine TRAUTMANN","France","Loyal","For","S&D"
"Gino TREMATERRA","Italy","Loyal","For","EPP"
"Ramon TREMOSA i BALCELLS","Spain","Loyal","For","ALDE/ADLE"
"Kyriacos TRIANTAPHYLLIDES","Cyprus","Loyal","Abstain","GUE-NGL"
"Rafał TRZASKOWSKI","Poland","Didn't vote","Didn't vote","EPP"
"Helga TRÜPEL","Germany","Loyal","For","Greens/EFA"
"Ioannis A. TSOUKALAS","Greece","Loyal","For","EPP"
"Claude TURMES","Luxembourg","Loyal","For","Greens/EFA"
"Emilie TURUNEN","Denmark","Loyal","For","Greens/EFA"
"Niki TZAVELA","Greece","Loyal","For","EFD"
"Claudiu Ciprian TĂNĂSESCU","Romania","Loyal","For","S&D"
"László TŐKÉS","Romania","Loyal","For","EPP"
"Giommaria UGGIAS","Italy","Didn't vote","Didn't vote","ALDE/ADLE"
"Thomas ULMER","Germany","Loyal","For","EPP"
"Marita ULVSKOG","Sweden","Loyal","For","S&D"
"Traian UNGUREANU","Romania","Loyal","For","EPP"
"Vladimir URUTCHEV","Bulgaria","Loyal","For","EPP"
"Viktor USPASKICH","Lithuania","Absent","Absent","ALDE/ADLE"
"Corneliu VADIM TUDOR","Romania","Independent","For","NI"
"Inese VAIDERE","Latvia","Didn't vote","Didn't vote","EPP"
"Ivo VAJGL","Slovenia","Loyal","For","ALDE/ADLE"
"Kathleen VAN BREMPT","Belgium","Loyal","For","S&D"
"Geoffrey VAN ORDEN","United Kingdom","Loyal","For","ECR"
"Frank VANHECKE","Belgium","Rebel","Abstain","EFD"
"Gianni VATTIMO","Italy","Didn't vote","Didn't vote","ALDE/ADLE"
"Derek VAUGHAN","United Kingdom","Loyal","For","S&D"
"Sophia in 't VELD","Netherlands","Loyal","For","ALDE/ADLE"
"Marie-Christine VERGIAT","France","Loyal","Abstain","GUE-NGL"
"Bernadette VERGNAUD","France","Didn't vote","Didn't vote","S&D"
"Sabine VERHEYEN","Germany","Didn't vote","Didn't vote","EPP"
"Guy VERHOFSTADT","Belgium","Loyal","For","ALDE/ADLE"
"Alejo VIDAL-QUADRAS","Spain","Loyal","For","EPP"
"Kristian VIGENIN","Bulgaria","Didn't vote","Didn't vote","S&D"
"Philippe de VILLIERS","France","Didn't vote","Didn't vote","EFD"
"Dominique VLASTO","France","Didn't vote","Didn't vote","EPP"
"Oldřich VLASÁK","Czech Republic","Loyal","For","ECR"
"Axel VOSS","Germany","Loyal","For","EPP"
"Adina-Ioana VĂLEAN","Romania","Loyal","For","ALDE/ADLE"
"Sir Graham WATSON","United Kingdom","Loyal","For","ALDE/ADLE"
"Jarosław Leszek WAŁĘSA","Poland","Loyal","For","EPP"
"Henri WEBER","France","Loyal","For","S&D"
"Manfred WEBER","Germany","Loyal","For","EPP"
"Renate WEBER","Romania","Loyal","For","ALDE/ADLE"
"Josef WEIDENHOLZER","Austria","Didn't vote","Didn't vote","S&D"
"Barbara WEILER","Germany","Loyal","For","S&D"
"Anja WEISGERBER","Germany","Loyal","For","EPP"
"Angelika WERTHMANN","Austria","Loyal","For","ALDE/ADLE"
"Åsa WESTLUND","Sweden","Loyal","For","S&D"
"Kerstin WESTPHAL","Germany","Didn't vote","Didn't vote","S&D"
"Rainer WIELAND","Germany","Loyal","For","EPP"
"Cecilia WIKSTRÖM","Sweden","Loyal","For","ALDE/ADLE"
"Glenis WILLMOTT","United Kingdom","Loyal","For","S&D"
"Sabine WILS","Germany","Loyal","Abstain","GUE-NGL"
"Hermann WINKLER","Germany","Loyal","For","EPP"
"Iuliu WINKLER","Romania","Didn't vote","Didn't vote","EPP"
"Janusz WOJCIECHOWSKI","Poland","Absent","Absent","ECR"
"Corien WORTMANN-KOOL","Netherlands","Loyal","For","EPP"
"Jacek WŁOSOWICZ","Poland","Didn't vote","Didn't vote","EFD"
"Marina YANNAKOUDAKIS","United Kingdom","Loyal","For","ECR"
"Luis YÁÑEZ-BARNUEVO GARCÍA","Spain","Loyal","For","S&D"
"Jan ZAHRADIL","Czech Republic","Loyal","For","ECR"
"Boris ZALA","Slovakia","Loyal","For","S&D"
"Pablo ZALBA BIDEGAIN","Spain","Loyal","For","EPP"
"Paweł ZALEWSKI","Poland","Loyal","For","EPP"
"Iva ZANICCHI","Italy","Loyal","For","EPP"
"Andrea ZANONI","Italy","Loyal","For","ALDE/ADLE"
"Artur ZASADA","Poland","Didn't vote","Didn't vote","EPP"
"Joachim ZELLER","Germany","Loyal","For","EPP"
"Janusz Władysław ZEMKE","Poland","Loyal","For","S&D"
"Auke ZIJLSTRA","Netherlands","Independent","Against","NI"
"Gabriele ZIMMER","Germany","Loyal","Abstain","GUE-NGL"
"Zbigniew ZIOBRO","Poland","Didn't vote","Didn't vote","EFD"
"Inês Cristina ZUBER","Portugal","Didn't vote","Didn't vote","GUE-NGL"
"Milan ZVER","Slovenia","Absent","Absent","EPP"
"Tadeusz ZWIEFKA","Poland","Didn't vote","Didn't vote","EPP"
"Anna ZÁBORSKÁ","Slovakia","Loyal","For","EPP"
"Karim ZÉRIBI","France","Didn't vote","Didn't vote","Greens/EFA"
"Roberts ZĪLE","Latvia","Didn't vote","Didn't vote","ECR"
"Andrea ČEŠKOVÁ","Czech Republic","Documented Absence","Documented Absence","ECR"
"Elżbieta Katarzyna ŁUKACIJEWSKA","Poland","Loyal","For","EPP"
"Csaba ŐRY","Hungary","Loyal","For","EPP"
"Kārlis ŠADURSKIS","Latvia","Loyal","For","EPP"
"Peter ŠŤASTNÝ","Slovakia","Didn't vote","Didn't vote","EPP"
"Silvia-Adriana ŢICĂU","Romania","Didn't vote","Didn't vote","S&D"
"Tatjana ŽDANOKA","Latvia","Didn't vote","Didn't vote","Greens/EFA"