Economy;Region;Income group
Afghanistan;South Asia;Low income
Albania;Eastern Europe & Central Asia;Lower middle income
Algeria;Middle East & North Africa;Lower middle income
American Samoa;East Asia & Pacific;Upper middle income
Andorra;Western Europe & North America;High income nonOECD
Angola;Sub-Saharan Africa;Lower middle income
Antigua and Barbuda;Latin America & Caribbean;High income nonOECD
Argentina;Latin America & Caribbean;Upper middle income
Armenia;Eastern Europe & Central Asia;Lower middle income
Aruba;Latin America & Caribbean;High income nonOECD
Australia;East Asia & Pacific;High income OECD
Austria;Western Europe & North America;High income OECD
Azerbaijan;Eastern Europe & Central Asia;Lower middle income
Bahamas, the;Latin America & Caribbean;High income nonOECD
Bahrain;Middle East & North Africa;High income nonOECD
Bangladesh;South Asia;Low income
Barbados;Latin America & Caribbean;High income nonOECD
Belarus;Eastern Europe & Central Asia;Upper middle income
Belgium;Western Europe & North America;High income OECD
Belize;Latin America & Caribbean;Upper middle income
Benin;Sub-Saharan Africa;Low income
Bermuda;Latin America & Caribbean;High income nonOECD
Bhutan;South Asia;Lower middle income
Bolivia;Latin America & Caribbean;Lower middle income
Bosnia and Herzegovina;Eastern Europe & Central Asia;Lower middle income
Botswana;Sub-Saharan Africa;Upper middle income
Brazil;Latin America & Caribbean;Upper middle income
Brunei;East Asia & Pacific;High income nonOECD
Bulgaria;Eastern Europe & Central Asia;Upper middle income
Burkina Faso;Sub-Saharan Africa;Low income
Burundi;Sub-Saharan Africa;Low income
Cambodia;East Asia & Pacific;Low income
Cameroon;Sub-Saharan Africa;Lower middle income
Canada;Western Europe & North America;High income OECD
Cape Verde;Sub-Saharan Africa;Lower middle income
Cayman Islands;Latin America & Caribbean;High income nonOECD
Central African Republic;Sub-Saharan Africa;Low income
Chad;Sub-Saharan Africa;Low income
Channel Islands;Western Europe & North America;High income nonOECD
Chile;Latin America & Caribbean;Upper middle income
China;East Asia & Pacific;Lower middle income
Colombia;Latin America & Caribbean;Lower middle income
Comoros;Sub-Saharan Africa;Low income
Congo, Dem. Rep.;Sub-Saharan Africa;Low income
Congo, Rep.;Sub-Saharan Africa;Lower middle income
Costa Rica;Latin America & Caribbean;Upper middle income
Cote d'Ivoire;Sub-Saharan Africa;Low income
Croatia;Eastern Europe & Central Asia;Upper middle income
Cuba;Latin America & Caribbean;Upper middle income
Cyprus;Western Europe & North America;High income nonOECD
Czech Republic;Eastern Europe & Central Asia;High income OECD
Denmark;Western Europe & North America;High income OECD
Djibouti;Middle East & North Africa;Lower middle income
Dominica;Latin America & Caribbean;Upper middle income
Dominican Republic;Latin America & Caribbean;Lower middle income
Ecuador;Latin America & Caribbean;Lower middle income
Egypt;Middle East & North Africa;Lower middle income
El Salvador;Latin America & Caribbean;Lower middle income
Equatorial Guinea;Sub-Saharan Africa;High income nonOECD
Eritrea;Sub-Saharan Africa;Low income
Estonia;Eastern Europe & Central Asia;High income nonOECD
Ethiopia;Sub-Saharan Africa;Low income
Faeroe Islands;Western Europe & North America;High income nonOECD
Fiji;East Asia & Pacific;Upper middle income
Finland;Western Europe & North America;High income OECD
France;Western Europe & North America;High income OECD
French Polynesia;East Asia & Pacific;High income nonOECD
Gabon;Sub-Saharan Africa;Upper middle income
Gambia, the;Sub-Saharan Africa;Low income
Georgia;Eastern Europe & Central Asia;Lower middle income
Germany;Western Europe & North America;High income OECD
Ghana;Sub-Saharan Africa;Low income
Greece;Western Europe & North America;High income OECD
Greenland;Western Europe & North America;High income nonOECD
Grenada;Latin America & Caribbean;Upper middle income
Guam;East Asia & Pacific;High income nonOECD
Guatemala;Latin America & Caribbean;Lower middle income
Guinea;Sub-Saharan Africa;Low income
Guinea-Bissau;Sub-Saharan Africa;Low income
Guyana;Latin America & Caribbean;Lower middle income
Haiti;Latin America & Caribbean;Low income
Honduras;Latin America & Caribbean;Lower middle income
Hong Kong, China;East Asia & Pacific;High income nonOECD
Hungary;Eastern Europe & Central Asia;High income OECD
Iceland;Western Europe & North America;High income OECD
India;South Asia;Lower middle income
Indonesia;East Asia & Pacific;Lower middle income
Iran;Middle East & North Africa;Lower middle income
Iraq;Middle East & North Africa;Lower middle income
Ireland;Western Europe & North America;High income OECD
Isle of Man;Western Europe & North America;High income nonOECD
Israel;Middle East & North Africa;High income nonOECD
Italy;Western Europe & North America;High income OECD
Jamaica;Latin America & Caribbean;Upper middle income
Japan;East Asia & Pacific;High income OECD
Jordan;Middle East & North Africa;Lower middle income
Kazakhstan;Eastern Europe & Central Asia;Upper middle income
Kenya;Sub-Saharan Africa;Low income
Kiribati;East Asia & Pacific;Lower middle income
Korea, Dem. Rep.;East Asia & Pacific;Low income
Korea;East Asia & Pacific;High income OECD
Kuwait;Middle East & North Africa;High income nonOECD
Kyrgyz Republic;Eastern Europe & Central Asia;Low income
Lao PDR;East Asia & Pacific;Low income
Latvia;Eastern Europe & Central Asia;Upper middle income
Lebanon;Middle East & North Africa;Upper middle income
Lesotho;Sub-Saharan Africa;Lower middle income
Liberia;Sub-Saharan Africa;Low income
Libya;Middle East & North Africa;Upper middle income
Liechtenstein;Western Europe & North America;High income nonOECD
Lithuania;Eastern Europe & Central Asia;Upper middle income
Luxembourg;Western Europe & North America;High income OECD
Macao, China;East Asia & Pacific;High income nonOECD
Macedonia, FYR;Eastern Europe & Central Asia;Lower middle income
Madagascar;Sub-Saharan Africa;Low income
Malawi;Sub-Saharan Africa;Low income
Malaysia;East Asia & Pacific;Upper middle income
Maldives;South Asia;Lower middle income
Mali;Sub-Saharan Africa;Low income
Malta;Western Europe & North America;High income nonOECD
Marshall Islands;East Asia & Pacific;Lower middle income
Mauritania;Sub-Saharan Africa;Low income
Mauritius;Sub-Saharan Africa;Upper middle income
Mayotte;Sub-Saharan Africa;Upper middle income
Mexico;Latin America & Caribbean;Upper middle income
Micronesia;East Asia & Pacific;Lower middle income
Moldova;Eastern Europe & Central Asia;Lower middle income
Monaco;Western Europe & North America;High income nonOECD
Mongolia;East Asia & Pacific;Lower middle income
Montenegro;Eastern Europe & Central Asia;Upper middle income
Morocco;Middle East & North Africa;Lower middle income
Mozambique;Sub-Saharan Africa;Low income
Myanmar;East Asia & Pacific;Low income
Namibia;Sub-Saharan Africa;Lower middle income
Nepal;South Asia;Low income
Netherlands;Western Europe & North America;High income OECD
Netherlands Antilles;Latin America & Caribbean;High income nonOECD
New Caledonia;High income nonOECD
New Zealand;East Asia & Pacific;High income OECD
Nicaragua;Latin America & Caribbean;Lower middle income
Niger;Sub-Saharan Africa;Low income
Nigeria;Sub-Saharan Africa;Low income
Northern Mariana Islands;East Asia & Pacific;High income nonOECD
Norway;Western Europe & North America;High income OECD
Oman;Middle East & North Africa;High income nonOECD
Pakistan;South Asia;Low income
Palau;East Asia & Pacific;Upper middle income
Panama;Latin America & Caribbean;Upper middle income
Papua New Guinea;East Asia & Pacific;Low income
Paraguay;Latin America & Caribbean;Lower middle income
Peru;Latin America & Caribbean;Lower middle income
Philippines;East Asia & Pacific;Lower middle income
Poland;Eastern Europe & Central Asia;Upper middle income
Portugal;Western Europe & North America;High income OECD
Puerto Rico;Latin America & Caribbean;High income nonOECD
Qatar;Middle East & North Africa;High income nonOECD
Romania;Eastern Europe & Central Asia;Upper middle income
Russian Federation;Eastern Europe & Central Asia;Upper middle income
Rwanda;Sub-Saharan Africa;Low income
Samoa;East Asia & Pacific;Lower middle income
San Marino;Western Europe & North America;High income nonOECD
Sao Tome and Principe;Sub-Saharan Africa;Low income
Saudi Arabia;Middle East & North Africa;High income nonOECD
Senegal;Sub-Saharan Africa;Low income
Serbia;Eastern Europe & Central Asia;Upper middle income
Seychelles;Sub-Saharan Africa;Upper middle income
Sierra Leone;Sub-Saharan Africa;Low income
Singapore;East Asia & Pacific;High income nonOECD
Slovakia;Eastern Europe & Central Asia;High income OECD
Slovenia;Eastern Europe & Central Asia;High income nonOECD
Solomon Islands;East Asia & Pacific;Low income
Somalia;Sub-Saharan Africa;Low income
South Africa;Sub-Saharan Africa;Upper middle income
Spain;Western Europe & North America;High income OECD
Sri Lanka;South Asia;Lower middle income
St. Kitts and Nevis;Latin America & Caribbean;Upper middle income
St. Lucia;Latin America & Caribbean;Upper middle income
St. Vincent and the Grenadines;Latin America & Caribbean;Upper middle income
Sudan;Sub-Saharan Africa;Lower middle income
Suriname;Latin America & Caribbean;Upper middle income
Swaziland;Sub-Saharan Africa;Lower middle income
Sweden;Western Europe & North America;High income OECD
Switzerland;Western Europe & North America;High income OECD
Syria;Middle East & North Africa;Lower middle income
Tajikistan;Eastern Europe & Central Asia;Low income
Tanzania;Sub-Saharan Africa;Low income
Thailand;East Asia & Pacific;Lower middle income
Timor-Leste;East Asia & Pacific;Lower middle income
Togo;Sub-Saharan Africa;Low income
Tonga;East Asia & Pacific;Lower middle income
Trinidad and Tobago;Latin America & Caribbean;High income nonOECD
Tunisia;Middle East & North Africa;Lower middle income
Turkey;Eastern Europe & Central Asia;Upper middle income
Turkmenistan;Eastern Europe & Central Asia;Lower middle income
Uganda;Sub-Saharan Africa;Low income
Ukraine;Eastern Europe & Central Asia;Lower middle income
United Arab Emirates;Middle East & North Africa;High income nonOECD
United Kingdom;Western Europe & North America;High income OECD
United States;Western Europe & North America;High income OECD
Uruguay;Latin America & Caribbean;Upper middle income
Uzbekistan;Eastern Europe & Central Asia;Low income
Vanuatu;East Asia & Pacific;Lower middle income
Venezuela;Latin America & Caribbean;Upper middle income
Vietnam;East Asia & Pacific;Low income
Virgin Islands (U.S.);Western Europe & North America;High income nonOECD
West Bank and Gaza;Middle East & North Africa;Lower middle income
Yemen;Middle East & North Africa;Low income
Zambia;Sub-Saharan Africa;Low income
Zimbabwe;Sub-Saharan Africa;Low income
