"REPORT OF THE COMMITTEE ON STANDING ORDERS.: Vote 1, 24.01.1923"
"INTERNED EMPLOYEES OF DUBLIN CORPORATION.(HOUSING SCHEME GRANT).: Vote 1, 25.01.1923"
"INDEMNITY (BRITISH MILITARY) BILL. SEANAD IN COMMITTEE.: Vote 1, 08.02.1923"
"ENFORCEMENT OF LAW (OCCASIONAL POWERS) BILL - COMMITTEE.: Vote 1, 14.02.1923"
"ENFORCEMENT OF LAW (OCCASIONAL POWERS) BILL.: Vote 1, 21.02.1923"
"ENFORCEMENT OF LAW (OCCASIONAL POWERS) BILL.: Vote 2, 21.02.1923"
"SEANAD IN COMMITTEE. LOCAL GOVERNMENT (TEMPORARY PROVISIONS) BILL, 1923.: Vote 1, 21.03.1923"
"DAMAGE TO PROPERTY (COMPENSATION) BILL, 1923. (COMMITTEE RESUMED).: Vote 1, 13.04.1923"
"DAMAGE TO PROPERTY (COMPENSATION) BILL, 1923. SUMMER TIME BILL, 1923.: Vote 1, 18.04.1923"
"THE LEAGUE OF NATIONS.: Vote 1, 19.04.1923"
"UNEMPLOYMENT INSURANCE BILL, 1923. (COMMITTEE STAGE.): Vote 1, 06.06.1923"
"SEANAD IN COMMITTEE. THE PREAMBLE.: Vote 1, 06.06.1923"
"FINANCE BILL - COMMITTEE.: Vote 1, 14.06.1923"
"FOURTH STAGE. THE SEANAD RESUMED.: Vote 1, 20.06.1923"
"DYESTUFFS (IMPORT REGULATIONS) REPEAL BILL, 1923. SUSPENSION OF STANDING ORDERS.: Vote 1, 26.07.1923"
"DYESTUFFS (IMPORT REGULATIONS) REPEAL BILL, 1923. PUBLIC SAFETY (EMERGENCY POWERS) BILL. - SECOND STAGE.: Vote 1, 26.07.1923"
"PUBLIC SAFETY (EMERGENCY POWERS) BILL, 1923. IN COMMITTEE.: Vote 1, 30.07.1923"
"PUBLIC SAFETY (EMERGENCY POWERS) BILL, 1923. IN COMMITTEE.: Vote 2, 30.07.1923"
"PUBLIC SAFETY (EMERGENCY POWERS) BILL, 1923. IN COMMITTEE.: Vote 3, 30.07.1923"
"PUBLIC SAFETY (EMERGENCY POWERS) BILL, 1923. IN COMMITTEE.: Vote 4, 30.07.1923"
"PUBLIC SAFETY (EMERGENCY POWERS) BILL, 1923. IN COMMITTEE.: Vote 5, 30.07.1923"
"PUBLIC SAFETY (EMERGENCY POWERS) BILL, 1923. IN COMMITTEE.: Vote 6, 30.07.1923"
"PUBLIC SAFETY (EMERGENCY POWERS) BILL, 1923. IN COMMITTEE.: Vote 7, 30.07.1923"
"PUBLIC SAFETY (EMERGENCY POWERS) BILL, 1923. IN COMMITTEE.: Vote 8, 30.07.1923"
"PUBLIC SAFETY (EMERGENCY POWERS) BILL, 1923. IN COMMITTEE.: Vote 9, 30.07.1923"
"PUBLIC SAFETY (EMERGENCY POWERS) BILL, 1923. IN COMMITTEE.: Vote 10, 30.07.1923"
"PUBLIC SAFETY (EMERGENCY POWERS) BILL, 1923. IN COMMITTEE.: Vote 11, 30.07.1923"
"PUBLIC SAFETY (EMERGENCY POWERS) BILL, 1923. IN COMMITTEE.: Vote 12, 30.07.1923"
"PUBLIC SAFETY (EMERGENCY POWERS) BILL, 1923. IN COMMITTEE.: Vote 13, 30.07.1923"
"PUBLIC SAFETY (EMERGENCY POWERS) BILL, 1923. COMMITTEE STAGE RESUMED.: Vote 1, 31.07.1923"
"PUBLIC SAFETY (EMERGENCY POWERS) BILL, 1923. COMMITTEE STAGE RESUMED.: Vote 2, 31.07.1923"
"PUBLIC SAFETY (EMERGENCY POWERS) BILL, 1923. COMMITTEE STAGE RESUMED.: Vote 3, 31.07.1923"
"SEANAD IN COMMITTEE. PART II. - LAND PURCHASE.: Vote 1, 31.07.1923"
"SEANAD IN COMMITTEE. PART II. - LAND PURCHASE.: Vote 2, 31.07.1923"
"SEANAD RESUMES. PUBLIC SAFETY (EMERGENCY POWERS) BILL - FOURTH STAGE.: Vote 1, 01.08.1923"
"SEANAD RESUMES. PUBLIC SAFETY (EMERGENCY POWERS) BILL - FOURTH STAGE.: Vote 2, 01.08.1923"
"SEANAD RESUMES. PUBLIC SAFETY (EMERGENCY POWERS) BILL - FOURTH STAGE.: Vote 3, 01.08.1923"
"SEANAD RESUMES. PUBLIC SAFETY BILL - FIFTH STAGE.: Vote 1, 01.08.1923"
"SEANAD IN COMMITTEE. LAND BILL, 1923. - COMMITTEE STAGE (RESUMED).: Vote 1, 01.08.1923"
"SEANAD IN COMMITTEE. LAND BILL, 1923. - COMMITTEE STAGE (RESUMED).: Vote 2, 01.08.1923"
"SEANAD IN COMMITTEE. LAND BILL, 1923. - COMMITTEE STAGE (RESUMED).: Vote 1, 02.08.1923"
"SEANAD IN COMMITTEE. LAND BILL, 1923. - COMMITTEE STAGE (RESUMED).: Vote 2, 02.08.1923"
"SEANAD IN COMMITTEE. LAND BILL (COMMITTEE STAGE RESUMED.): Vote 1, 02.08.1923"
"PUBLIC SAFETY (EMERGENCY POWERS) (No. 2) BILL, 1923.: Vote 1, 03.08.1923"
"SEANAD IN COMMITTEE.: Vote 1, 03.08.1923"
"SEANAD IN COMMITTEE.: Vote 2, 03.08.1923"
"SEANAD IN COMMITTEE.: Vote 3, 03.08.1923"
"LAND BILL, 1923 (REPORT STAGE).: Vote 1, 03.08.1923"
"SEANAD IN COMMITTEE. LOCAL GOVERNMENT ELECTORS REGISTRATION BILL, 1923 - THIRD STAGE.: Vote 1, 19.12.1923"
"FISHERIES BILL, 1923. CIVIL SERVICE REGULATION (No. 2) BILL, 1923 - FOURTH STAGE.: Vote 1, 15.01.1924"
"FISHERIES BILL, 1923. SEANAD IN COMMITTEE.: Vote 1, 24.01.1924"
"SEANAD IN COMMITTEE. PUBLIC SAFETY (POWERS OF ARREST AND DETENTION) BILL - (THIRD STAGE).: Vote 1, 25.01.1924"
"SEANAD IN COMMITTEE.: Vote 1, 30.01.1924"
"SEANAD IN COMMITTEE. THE COURTS OF JUSTICE BILL, 1923 - (THIRD STAGE).: Vote 1, 06.02.1924"
"THE COURTS OF JUSTICE BILL, 1923 - (COMMITTEE STAGE RESUMED).: Vote 1, 07.02.1924"
"THE COURTS OF JUSTICE BILL, 1923 (REPORT).: Vote 1, 05.03.1924"
"FISHERIES BILL, 1923 - (FROM THE DAIL).: Vote 1, 13.03.1924"
"THE PUBLIC SAFETY (PUNISHMENT OF OFFENCES) TEMPORARY BILL, 1924. - SECOND STAGE.: Vote 1, 20.03.1924"
"SEANAD IN COMMITTEE. PUBLIC SAFETY (PUNISHMENT OF OFFENCES) TEMPORARY BILL, 1924 - THIRD STAGE.: Vote 1, 27.03.1924"
"PUBLIC BUSINESS. OLD AGE PENSIONS BILL, 1924. - (SECOND STAGE.): Vote 1, 01.05.1924"
"SEANAD IN COMMITTEE. OLD AGE PENSIONS BILL, 1924 - THIRD STAGE.: Vote 1, 07.05.1924"
"DUBLIN ELECTRICITY SUPPLY BILL, 1924.: Vote 1, 07.05.1924"
"OLD AGE PENSIONS BILL, 1924. (REPORT).: Vote 1, 21.05.1924"
"REPORT ON THE NATIONAL MUSEUM. RAILWAYS BILL, 1924 - (THIRD STAGE RESUMED).: Vote 1, 27.06.1924"
"REPORT ON THE NATIONAL MUSEUM. RAILWAYS BILL, 1924 - (THIRD STAGE RESUMED).: Vote 2, 27.06.1924"
"SEANAD IN COMMITTEE. RAILWAYS BILL, 1924.  THIRD STAGE (RESUMED).: Vote 1, 02.07.1924"
"APPROPRIATION BILL, 1924 - SECOND STAGE. SEANAD IN COMMITTEE.: Vote 1, 28.07.1924"
"SOLUTION OF OUTSTANDING NATIONAL PROBLEMS.: Vote 1, 17.10.1924"
"SEANAD IN COMMITTEE. INTOXICATING LIQUOR BILL, 1924 (THIRD STAGE - RESUMED).: Vote 1, 28.11.1924"
"INTOXICATING LIQUOR BILL, 1924. MESSAGE FROM THE DAIL.: Vote 1, 12.12.1924"
"RAILWAYS (DIRECTORATE) BILL, 1924.  (SECOND STAGE.): Vote 1, 17.12.1924"
"SEANAD IN COMMITTEE. LIVE STOCK BREEDING BILL, 1924. - THIRD STAGE.: Vote 1, 22.01.1925"
"SEANAD IN COMMITTEE. LIVE STOCK BREEDING BILL, 1924. - THIRD STAGE.: Vote 2, 22.01.1925"
"SEANAD IN COMMITTEE. LOCAL GOVERNMENT BILL, 1924 - THIRD STAGE.: Vote 1, 28.01.1925"
"SEANAD IN COMMITTEE. LOCAL GOVERNMENT BILL, 1924. - THIRD STAGE (RESUMED).: Vote 1, 29.01.1925"
"SEANAD IN COMMITTEE. LOCAL GOVERNMENT BILL, 1924 - THIRD STAGE (RESUMED).: Vote 1, 30.01.1925"
"SEANAD IN COMMITTEE. LOCAL GOVERNMENT BILL, 1924.  THIRD STAGE (RESUMED).: Vote 1, 04.02.1925"
"SEANAD IN COMMITTEE. LOCAL GOVERNMENT BILL, 1924.  THIRD STAGE (RESUMED).: Vote 2, 04.02.1925"
"SEANAD IN COMMITTEE. LOCAL GOVERNMENT BILL, 1924.  THIRD STAGE (RESUMED).: Vote 3, 04.02.1925"
"SEANAD IN COMMITTEE. LOCAL GOVERNMENT BILL, 1924.  THIRD STAGE (RESUMED).: Vote 1, 05.02.1925"
"SEANAD IN COMMITTEE. LOCAL GOVERNMENT BILL, 1924.  THIRD STAGE (RESUMED).: Vote 2, 05.02.1925"
"SEANAD IN COMMITTEE. LOCAL GOVERNMENT BILL, 1924.  COMMITTEE STAGE. - RESUMED.: Vote 1, 06.02.1925"
"LOCAL GOVERNMENT BILL, 1924. - REPORT STAGE RESUMED.: Vote 1, 19.02.1925"
"LOCAL GOVERNMENT BILL, 1924. - REPORT STAGE RESUMED.: Vote 2, 19.02.1925"
"LOCAL GOVERNMENT BILL, 1924. - REPORT STAGE RESUMED.: Vote 3, 19.02.1925"
"PRIVATE BUSINESS. DUNDALK HARBOUR AND PORT BILL, 1924 - REPORT STAGE.: Vote 1, 30.04.1925"
"SEANAD IN COMMITTEE. TREASONABLE OFFENCES BILL, 1925 - THIRD STAGE.: Vote 1, 06.05.1925"
"SEANAD RESUMES. BILLS RELATING TO MATRIMONIAL MATTERS.: Vote 1, 11.06.1925"
"SEANAD RESUMES. DEBATE ON DIVORCE LEGISLATION RESUMED.: Vote 1, 11.06.1925"
"ELECTION OF CHAIRMAN.: Vote 1, 09.12.1925"
"THE SHANNON ELECTRIFICATION SCHEME (RESUMED DEBATE).: Vote 1, 14.12.1925"
"PUBLIC BUSINESS. TREATY (CONFIRMATION OF AMENDING AGREEMENT) BILL, 1925 - SECOND STAGE.: Vote 1, 16.12.1925"
"PUBLIC BUSINESS. TREATY (CONFIRMATION OF AMENDING AGREEMENT) BILL, 1925 - SECOND STAGE.: Vote 2, 16.12.1925"
"PUBLIC BUSINESS. TREATY (CONFIRMATION OF AMENDING AGREEMENT) BILL, 1925 - SECOND STAGE.: Vote 3, 16.12.1925"
"PUBLIC BUSINESS. TREATY (CONFIRMATION OF AMENDING AGREEMENT) BILL, 1925 - SECOND STAGE.: Vote 4, 16.12.1925"
"PUBLIC BUSINESS. TREATY (CONFIRMATION OF AMENDING AGREEMENT) BILL, 1925 - SECOND STAGE.: Vote 5, 16.12.1925"
"CIVIL SERVICE REGULATION (AMENDMENT) BILL, 1925 - SECOND STAGE.: Vote 1, 17.12.1925"
"SHOP HOURS (BARBERS AND HAIRDRESSERS, DUBLIN AND DISTRICTS) BILL, 1925 - SECOND STAGE.: Vote 1, 17.12.1925"
"ENFORCEMENT OF COURT ORDERS BILL, 1926 - FOURTH STAGE.: Vote 1, 12.05.1926"
"RAILWAYS (EXISTING OFFICERS AND SERVANTS) BILL, 1926: Vote 1, 03.06.1926"
"CORONERS (AMENDMENT) BILL, 1926 - COMMITTEE STAGE.: Vote 1, 09.06.1926"
"RAILWAYS (EXISTING OFFICERS AND SERVANTS) BILL, 1926 - THIRD STAGE.: Vote 1, 10.06.1926"
"RAILWAYS (EXISTING OFFICERS AND SERVANTS) BILL, 1926 - THIRD STAGE.: Vote 2, 10.06.1926"
"RAILWAYS (EXISTING OFFICERS AND SERVANTS) BILL, 1926 - THIRD STAGE.: Vote 3, 10.06.1926"
"MESSAGE FROM THE D�IL.: Vote 1, 15.06.1926"
"COURT OFFICERS BILL, 1926 - THIRD STAGE. (RESUMED): Vote 1, 15.06.1926"
"RAILWAYS (EXISTING OFFICERS AND SERVANTS) BILL, 1926 - FIFTH STAGE.: Vote 1, 16.06.1926"
"SHOP HOURS (DRAPERY TRADES, DUBLIN AND DISTRICTS) BILL, 1926 - FOURTH STAGE.: Vote 1, 16.06.1926"
"PRIVATE BUSINESS. COURT OFFICERS BILL, 1926 - REPORT STAGE.: Vote 1, 30.06.1926"
"LOCAL AUTHORITIES (OFFICERS AND EMPLOYEES) BILL, 1926 - THIRD STAGE.: Vote 1, 02.07.1926"
"LOCAL AUTHORITIES (OFFICERS AND EMPLOYEES) BILL, 1926 - COMMITTEE (RESUMED).: Vote 1, 02.07.1926"
"SHOP HOURS (DRAPERY TRADES, DUBLIN AND DISTRICTS) BILL, 1926. MOTION BY SENATOR DOUGLAS.: Vote 1, 06.07.1926"
"TARIFF COMMISSION BILL, 1926 - SECOND STAGE.: Vote 1, 08.07.1926"
"TARIFF COMMISSION BILL, 1926 - THIRD STAGE.: Vote 1, 14.07.1926"
"HIGH COURT AND SUPREME COURT RULES.: Vote 1, 22.07.1926"
"HIGH COURT AND SUPREME COURT RULES.: Vote 2, 22.07.1926"
"THE FINANCIAL SETTLEMENT. MOTION BY SENATOR MOORE.: Vote 1, 15.12.1926"
"PUBLIC BUSINESS. CONSTITUTION (AMENDMENT No. 2) BILL, 1926 - SECOND STAGE.: Vote 1, 02.02.1927"
"PUBLIC BUSINESS. LOCAL GOVERNMENT BILL, 1926 - MESSAGE FROM THE DAIL.: Vote 1, 23.02.1927"
"PUBLIC BUSINESS. REGISTERED ACCOUNTANTS BILL, 1927 - SECOND STAGE.: Vote 1, 24.02.1927"
"THE MERRION SQUARE (DUBLIN) BILL, 1927 - SECOND STAGE.: Vote 1, 09.03.1927"
"GAELTACHT COMMISSION REPORT.: Vote 1, 10.03.1927"
"JURIES BILL, 1927 - COMMITTEE STAGE.: Vote 1, 08.04.1927"
"JURIES BILL, 1927 - COMMITTEE STAGE.: Vote 2, 08.04.1927"
"JURIES BILL, 1927. - REPORT STAGE.: Vote 1, 28.04.1927"
"JURIES BILL, 1927. - REPORT STAGE.: Vote 2, 28.04.1927"
"LAND BILL, 1927 - COMMITTEE STAGE.: Vote 1, 28.04.1927"
"BARROW DRAINAGE BILL, 1927 - THIRD STAGE.: Vote 1, 04.05.1927"
"PRIVATE BUSINESS. BARROW DRAINAGE BILL, 1927 - FOURTH STAGE.: Vote 1, 12.05.1927"
"PRIVATE BUSINESS. ELECTRICITY (SUPPLY) BILL, 1927 - COMMITTEE RESUMED. SECTION 39.: Vote 1, 12.05.1927"
"ELECTRICITY (SUPPLY) BILL, 1927 - REPORT.: Vote 1, 18.05.1927"
"ELECTRICITY (SUPPLY) BILL, 1927 - REPORT (RESUMED).: Vote 1, 19.05.1927"
"PUBLIC BUSINESS. PUBLIC SAFETY BILL, 1927 - SECOND STAGE.: Vote 1, 09.08.1927"
"PUBLIC SAFETY BILL, 1927 - THIRD STAGE.: Vote 1, 10.08.1927"
"PUBLIC SAFETY BILL, 1927 - THIRD STAGE.: Vote 2, 10.08.1927"
"PUBLIC SAFETY BILL, 1927 - THIRD STAGE.: Vote 3, 10.08.1927"
"PUBLIC SAFETY BILL, 1927 - THIRD STAGE.: Vote 4, 10.08.1927"
"PUBLIC SAFETY BILL, 1927 - THIRD STAGE.: Vote 5, 10.08.1927"
"PUBLIC SAFETY BILL, 1927 - THIRD STAGE.: Vote 6, 10.08.1927"
"SUSPENSION OF STANDING ORDERS.: Vote 1, 10.08.1927"
"PUBLIC BUSINESS. DENTISTS BILL, 1927 - COMMITTEE STAGE (RESUMED).: Vote 1, 29.03.1928"
"CONSTITUTION (AMENDMENT No. 10) BILL, 1928 - SECOND STAGE.: Vote 1, 04.07.1928"
"CONSTITUTION (AMENDMENT No. 10) BILL, 1928 - SECOND STAGE.: Vote 2, 04.07.1928"
"PUBLIC BUSINESS. CONSTITUTION (AMENDMENT No. 6) BILL, 1928 - SECOND STAGE.: Vote 1, 10.07.1928"
"PRIVATE BUSINESS. CONSTITUTION (AMENDMENT No. 10) BILL, 1928 - THIRD STAGE (RESUMED).: Vote 1, 11.07.1928"
"PUBLIC BUSINESS. CONSTITUTION (AMENDMENT No. 10) BILL, 1928. - FIFTH STAGE.: Vote 1, 12.07.1928"
"CONSTITUTION (AMENDMENT No. 10) BILL. DECLARATION UNDER ARTICLE 47 OF THE CONSTITUTION.: Vote 1, 12.07.1928"
"PUBLIC BUSINESS. CONSTITUTION (AMENDMENT No. 6) BILL, 1928 - FIFTH STAGE.: Vote 1, 18.07.1928"
"PUBLIC BUSINESS. SEANAD ELECTORAL BILL, 1928 - THIRD STAGE.: Vote 1, 24.10.1928"
