"Name","Member State","Loyal / Rebel to political group","Vote","Group"
"Damien ABAD","France","Loyal","For","EPP"
"John Stuart AGNEW","United Kingdom","Loyal","Against","EFD"
"Gabriele ALBERTINI","Italy","Loyal","For","EPP"
"Jan Philipp ALBRECHT","Germany","Loyal","For","Greens/EFA"
"Sonia ALFANO","Italy","Loyal","For","ALDE/ADLE"
"François ALFONSI","France","Loyal","For","Greens/EFA"
"Magdi Cristiano ALLAM","Italy","Absent","Absent","EPP"
"Alexander ALVARO","Germany","Didn't vote","Didn't vote","ALDE/ADLE"
"Luís Paulo ALVES","Portugal","Loyal","For","S&D"
"Marta ANDREASEN","United Kingdom","Loyal","Against","EFD"
"Laima Liucija ANDRIKIENĖ","Lithuania","Loyal","For","EPP"
"Josefa ANDRÉS BAREA","Spain","Didn't vote","Didn't vote","S&D"
"Roberta ANGELILLI","Italy","Didn't vote","Didn't vote","EPP"
"Charalampos ANGOURAKIS","Greece","Absent","Absent","GUE-NGL"
"Antonello ANTINORO","Italy","Loyal","For","EPP"
"Elena Oana ANTONESCU","Romania","Loyal","For","EPP"
"Alfredo ANTONIOZZI","Italy","Absent","Absent","EPP"
"Pablo ARIAS ECHEVERRÍA","Spain","Loyal","For","EPP"
"Kader ARIF","France","Loyal","For","S&D"
"Pino ARLACCHI","Italy","Loyal","For","S&D"
"Kriton ARSENIS","Greece","Didn't vote","Didn't vote","S&D"
"Richard ASHWORTH","United Kingdom","Loyal","Against","ECR"
"Sir Robert ATKINS","United Kingdom","Absent","Absent","ECR"
"John ATTARD-MONTALTO","Malta","Loyal","For","S&D"
"Sophie AUCONIE","France","Loyal","For","EPP"
"Jean-Pierre AUDY","France","Loyal","For","EPP"
"Margrete AUKEN","Denmark","Loyal","For","Greens/EFA"
"Inés AYALA SENDER","Spain","Loyal","For","S&D"
"Liam AYLWARD","Ireland","Loyal","For","ALDE/ADLE"
"Pilar AYUSO","Spain","Loyal","For","EPP"
"Johannes Cornelis van BAALEN","Netherlands","Didn't vote","Didn't vote","ALDE/ADLE"
"Georges BACH","Luxembourg","Loyal","For","EPP"
"Maria BADIA i CUTCHET","Spain","Loyal","For","S&D"
"Zoltán BAGÓ","Hungary","Didn't vote","Didn't vote","EPP"
"Raffaele BALDASSARRE","Italy","Loyal","For","EPP"
"Burkhard BALZ","Germany","Loyal","For","EPP"
"Francesca BALZANI","Italy","Absent","Absent","S&D"
"Zigmantas BALČYTIS","Lithuania","Loyal","For","S&D"
"Paolo BARTOLOZZI","Italy","Loyal","For","EPP"
"Regina BASTOS","Portugal","Loyal","For","EPP"
"Gerard BATTEN","United Kingdom","Absent","Absent","EFD"
"Dominique BAUDIS","France","Loyal","For","EPP"
"Edit BAUER","Slovakia","Loyal","For","EPP"
"Catherine BEARDER","United Kingdom","Loyal","For","ALDE/ADLE"
"George BECALI","Romania","Absent","Absent","NI"
"Bastiaan BELDER","Netherlands","Rebel","For","EFD"
"Ivo BELET","Belgium","Loyal","For","EPP"
"Malika BENARAB-ATTOU","France","Didn't vote","Didn't vote","Greens/EFA"
"Bendt BENDTSEN","Denmark","Loyal","For","EPP"
"Jean-Luc BENNAHMIAS","France","Loyal","For","ALDE/ADLE"
"Sergio BERLATO","Italy","Loyal","For","EPP"
"Luigi BERLINGUER","Italy","Loyal","For","S&D"
"Thijs BERMAN","Netherlands","Loyal","For","S&D"
"Pervenche BERÈS","France","Didn't vote","Didn't vote","S&D"
"Jean-Paul BESSET","France","Didn't vote","Didn't vote","Greens/EFA"
"Adam BIELAN","Poland","Didn't vote","Didn't vote","ECR"
"Izaskun BILBAO BARANDICA","Spain","Loyal","For","ALDE/ADLE"
"Slavi BINEV","Bulgaria","Independent","Against","NI"
"Lothar BISKY","Germany","Loyal","For","GUE-NGL"
"Mara BIZZOTTO","Italy","Rebel","For","EFD"
"Vilija BLINKEVIČIŪTĖ","Lithuania","Loyal","For","S&D"
"Godfrey BLOOM","United Kingdom","Loyal","Against","EFD"
"Sebastian Valentin BODU","Romania","Didn't vote","Didn't vote","EPP"
"Lajos BOKROS","Hungary","Didn't vote","Didn't vote","ECR"
"Vito BONSIGNORE","Italy","Loyal","For","EPP"
"Mario BORGHEZIO","Italy","Rebel","Abstain","EFD"
"Rita BORSELLINO","Italy","Loyal","For","S&D"
"Piotr BORYS","Poland","Didn't vote","Didn't vote","EPP"
"José BOVÉ","France","Didn't vote","Didn't vote","Greens/EFA"
"Sharon BOWLES","United Kingdom","Loyal","For","ALDE/ADLE"
"Emine BOZKURT","Netherlands","Didn't vote","Didn't vote","S&D"
"Victor BOŞTINARU","Romania","Loyal","For","S&D"
"Philip BRADBOURN","United Kingdom","Loyal","Against","ECR"
"Franziska Katharina BRANTNER","Germany","Documented Absence","Documented Absence","Greens/EFA"
"Frieda BREPOELS","Belgium","Loyal","For","Greens/EFA"
"Elmar BROK","Germany","Loyal","For","EPP"
"Andrew Henry William BRONS","United Kingdom","Independent","Against","NI"
"Zuzana BRZOBOHATÁ","Czech Republic","Loyal","For","S&D"
"Bairbre de BRÚN","United Kingdom","Loyal","For","GUE-NGL"
"John BUFTON","United Kingdom","Loyal","Against","EFD"
"Udo BULLMANN","Germany","Loyal","For","S&D"
"Simon BUSUTTIL","Malta","Loyal","For","EPP"
"Jerzy BUZEK","Poland","Didn't vote","Didn't vote","EPP"
"Cristian Silviu BUŞOI","Romania","Absent","Absent","ALDE/ADLE"
"Christophe BÉCHU","France","Loyal","For","EPP"
"Sandrine BÉLIER","France","Didn't vote","Didn't vote","Greens/EFA"
"Reimer BÖGE","Germany","Didn't vote","Didn't vote","EPP"
"Reinhard BÜTIKOFER","Germany","Loyal","For","Greens/EFA"
"Elena BĂSESCU","Romania","Loyal","For","EPP"
"Jan BŘEZINA","Czech Republic","Loyal","For","EPP"
"Milan CABRNOCH","Czech Republic","Didn't vote","Didn't vote","ECR"
"Alain CADEC","France","Loyal","For","EPP"
"Martin CALLANAN","United Kingdom","Loyal","Against","ECR"
"Wim van de CAMP","Netherlands","Didn't vote","Didn't vote","EPP"
"David CAMPBELL BANNERMAN","United Kingdom","Loyal","Against","ECR"
"Antonio CANCIAN","Italy","Loyal","For","EPP"
"Pascal CANFIN","France","Didn't vote","Didn't vote","Greens/EFA"
"Luis Manuel CAPOULAS SANTOS","Portugal","Loyal","For","S&D"
"Salvatore CARONNA","Italy","Loyal","For","S&D"
"Maria Da Graça CARVALHO","Portugal","Loyal","For","EPP"
"David CASA","Malta","Loyal","For","EPP"
"Michael CASHMAN","United Kingdom","Loyal","For","S&D"
"Carlo CASINI","Italy","Loyal","For","EPP"
"Daniel CASPARY","Germany","Loyal","For","EPP"
"Françoise CASTEX","France","Didn't vote","Didn't vote","S&D"
"Pilar del CASTILLO VERA","Spain","Loyal","For","EPP"
"Jean-Marie CAVADA","France","Loyal","For","EPP"
"Alejandro CERCAS","Spain","Loyal","For","S&D"
"Jorgo CHATZIMARKAKIS","Germany","Loyal","For","ALDE/ADLE"
"Giles CHICHESTER","United Kingdom","Loyal","Against","ECR"
"Nessa CHILDERS","Ireland","Independent","For","NI"
"Nikolaos CHOUNTIS","Greece","Loyal","For","GUE-NGL"
"Ole CHRISTENSEN","Denmark","Loyal","For","S&D"
"Philip CLAEYS","Belgium","Didn't vote","Didn't vote","NI"
"Derek Roland CLARK","United Kingdom","Loyal","Against","EFD"
"Carlos COELHO","Portugal","Loyal","For","EPP"
"Sergio Gaetano COFFERATI","Italy","Loyal","For","S&D"
"Daniel COHN-BENDIT","France","Didn't vote","Didn't vote","Greens/EFA"
"Giovanni COLLINO","Italy","Loyal","For","EPP"
"Trevor COLMAN","United Kingdom","Independent","Against","NI"
"Lara COMI","Italy","Loyal","For","EPP"
"Anna Maria CORAZZA BILDT","Sweden","Rebel","Abstain","EPP"
"Marije CORNELISSEN","Netherlands","Didn't vote","Didn't vote","Greens/EFA"
"António Fernando CORREIA DE CAMPOS","Portugal","Loyal","For","S&D"
"Ricardo CORTÉS LASTRA","Spain","Loyal","For","S&D"
"Silvia COSTA","Italy","Loyal","For","S&D"
"Andrea COZZOLINO","Italy","Loyal","For","S&D"
"Michael CRAMER","Germany","Loyal","For","Greens/EFA"
"Jürgen CREUTZMANN","Germany","Didn't vote","Didn't vote","ALDE/ADLE"
"Corina CREŢU","Romania","Loyal","For","S&D"
"Rosario CROCETTA","Italy","Loyal","For","S&D"
"Brian CROWLEY","Ireland","Didn't vote","Didn't vote","ALDE/ADLE"
"George Sabin CUTAŞ","Romania","Loyal","For","S&D"
"Tadeusz CYMAŃSKI","Poland","Didn't vote","Didn't vote","ECR"
"Ryszard CZARNECKI","Poland","Rebel","For","ECR"
"Frédéric DAERDEN","Belgium","Loyal","For","S&D"
"Peter van DALEN","Netherlands","Loyal","Against","ECR"
"Spyros DANELLIS","Greece","Loyal","For","S&D"
"Arnaud DANJEAN","France","Absent","Absent","EPP"
"Michel DANTIN","France","Loyal","For","EPP"
"William (The Earl of) DARTMOUTH","United Kingdom","Loyal","Against","EFD"
"Rachida DATI","France","Loyal","For","EPP"
"Joseph DAUL","France","Loyal","For","EPP"
"Mário DAVID","Portugal","Loyal","For","EPP"
"Chris DAVIES","United Kingdom","Loyal","For","ALDE/ADLE"
"Francesco DE ANGELIS","Italy","Loyal","For","S&D"
"Paolo DE CASTRO","Italy","Loyal","For","S&D"
"Véronique DE KEYSER","Belgium","Loyal","For","S&D"
"Luigi de MAGISTRIS","Italy","Loyal","For","ALDE/ADLE"
"Luigi Ciriaco DE MITA","Italy","Loyal","For","EPP"
"Proinsias DE ROSSA","Ireland","Didn't vote","Didn't vote","S&D"
"Christine DE VEYRAC","France","Loyal","For","EPP"
"Jean-Luc DEHAENE","Belgium","Absent","Absent","EPP"
"Karima DELLI","France","Loyal","For","Greens/EFA"
"Anne DELVAUX","Belgium","Loyal","For","EPP"
"Albert DESS","Germany","Loyal","For","EPP"
"Tamás DEUTSCH","Hungary","Loyal","For","EPP"
"Nirj DEVA","United Kingdom","Loyal","Against","ECR"
"Diane DODDS","United Kingdom","Independent","Against","NI"
"Leonardo DOMENICI","Italy","Loyal","For","S&D"
"Leonidas DONSKIS","Lithuania","Absent","Absent","ALDE/ADLE"
"Herbert DORFMANN","Italy","Loyal","For","EPP"
"Andrew DUFF","United Kingdom","Loyal","For","ALDE/ADLE"
"Isabelle DURANT","Belgium","Absent","Absent","Greens/EFA"
"Robert DUŠEK","Czech Republic","Loyal","For","S&D"
"Harlem DÉSIR","France","Loyal","For","S&D"
"Agustín DÍAZ DE MERA GARCÍA CONSUEGRA","Spain","Loyal","For","EPP"
"Vasilica Viorica DĂNCILĂ","Romania","Didn't vote","Didn't vote","S&D"
"Christian EHLER","Germany","Loyal","For","EPP"
"Martin EHRENHAUSER","Austria","Didn't vote","Didn't vote","NI"
"Bas EICKHOUT","Netherlands","Didn't vote","Didn't vote","Greens/EFA"
"Lena EK","Sweden","Loyal","For","ALDE/ADLE"
"Saïd EL KHADRAOUI","Belgium","Didn't vote","Didn't vote","S&D"
"James ELLES","United Kingdom","Didn't vote","Didn't vote","ECR"
"Ioan ENCIU","Romania","Loyal","For","S&D"
"Frank ENGEL","Luxembourg","Loyal","For","EPP"
"Christian ENGSTRÖM","Sweden","Loyal","For","Greens/EFA"
"Derk Jan EPPINK","Belgium","Loyal","Against","ECR"
"Cornelia ERNST","Germany","Absent","Absent","GUE-NGL"
"Ismail ERTUG","Germany","Didn't vote","Didn't vote","S&D"
"Sari ESSAYAH","Finland","Loyal","For","EPP"
"Rosa ESTARÀS FERRAGUT","Spain","Didn't vote","Didn't vote","EPP"
"Edite ESTRELA","Portugal","Loyal","For","S&D"
"Jill EVANS","United Kingdom","Loyal","For","Greens/EFA"
"Hynek FAJMON","Czech Republic","Loyal","Against","ECR"
"Tanja FAJON","Slovenia","Didn't vote","Didn't vote","S&D"
"Richard FALBR","Czech Republic","Loyal","For","S&D"
"Nigel FARAGE","United Kingdom","Loyal","Against","EFD"
"Diogo FEIO","Portugal","Loyal","For","EPP"
"Markus FERBER","Germany","Loyal","For","EPP"
"José Manuel FERNANDES","Portugal","Didn't vote","Didn't vote","EPP"
"Elisa FERREIRA","Portugal","Loyal","For","S&D"
"João FERREIRA","Portugal","Loyal","For","GUE-NGL"
"Carlo FIDANZA","Italy","Loyal","For","EPP"
"Ilda FIGUEIREDO","Portugal","Loyal","For","GUE-NGL"
"Santiago FISAS AYXELA","Spain","Absent","Absent","EPP"
"Christofer FJELLNER","Sweden","Rebel","Abstain","EPP"
"Hélène FLAUTRE","France","Absent","Absent","Greens/EFA"
"Monika FLAŠÍKOVÁ BEŇOVÁ","Slovakia","Loyal","For","S&D"
"Knut FLECKENSTEIN","Germany","Absent","Absent","S&D"
"Karl-Heinz FLORENZ","Germany","Absent","Absent","EPP"
"Lorenzo FONTANA","Italy","Didn't vote","Didn't vote","EFD"
"Vicky FORD","United Kingdom","Loyal","Against","ECR"
"Jacqueline FOSTER","United Kingdom","Loyal","Against","ECR"
"Ashley FOX","United Kingdom","Loyal","Against","ECR"
"Carmen FRAGA ESTÉVEZ","Spain","Loyal","For","EPP"
"Gaston FRANCO","France","Absent","Absent","EPP"
"Göran FÄRM","Sweden","Absent","Absent","S&D"
"Mariya GABRIEL","Bulgaria","Loyal","For","EPP"
"Michael GAHLER","Germany","Loyal","For","EPP"
"Pat the Cope GALLAGHER","Ireland","Didn't vote","Didn't vote","ALDE/ADLE"
"Marielle GALLO","France","Loyal","For","EPP"
"Iratxe GARCÍA PÉREZ","Spain","Loyal","For","S&D"
"José Manuel GARCÍA-MARGALLO Y MARFIL","Spain","Absent","Absent","EPP"
"Eider GARDIAZÁBAL RUBIAL","Spain","Absent","Absent","S&D"
"Elisabetta GARDINI","Italy","Loyal","For","EPP"
"Salvador GARRIGA POLLEDO","Spain","Absent","Absent","EPP"
"Jean-Paul GAUZÈS","France","Loyal","For","EPP"
"Evelyne GEBHARDT","Germany","Loyal","For","S&D"
"Jens GEIER","Germany","Loyal","For","S&D"
"Gerben-Jan GERBRANDY","Netherlands","Loyal","For","ALDE/ADLE"
"Lidia Joanna GERINGER de OEDENBERG","Poland","Loyal","For","S&D"
"Marietta GIANNAKOU","Greece","Loyal","For","EPP"
"Sven GIEGOLD","Germany","Didn't vote","Didn't vote","Greens/EFA"
"Adam GIEREK","Poland","Loyal","For","S&D"
"Julie GIRLING","United Kingdom","Loyal","Against","ECR"
"Norbert GLANTE","Germany","Loyal","For","S&D"
"Béla GLATTFELDER","Hungary","Loyal","For","EPP"
"Ivars GODMANIS","Latvia","Absent","Absent","ALDE/ADLE"
"Robert GOEBBELS","Luxembourg","Loyal","For","S&D"
"Charles GOERENS","Luxembourg","Loyal","For","ALDE/ADLE"
"Bruno GOLLNISCH","France","Independent","Against","NI"
"Ana GOMES","Portugal","Didn't vote","Didn't vote","S&D"
"Sylvie GOULARD","France","Loyal","For","ALDE/ADLE"
"Luis de GRANDES PASCUAL","Spain","Loyal","For","EPP"
"Louis GRECH","Malta","Loyal","For","S&D"
"Estelle GRELIER","France","Didn't vote","Didn't vote","S&D"
"Nathalie GRIESBECK","France","Didn't vote","Didn't vote","ALDE/ADLE"
"Nick GRIFFIN","United Kingdom","Independent","Against","NI"
"Matthias GROOTE","Germany","Loyal","For","S&D"
"Mathieu GROSCH","Belgium","Loyal","For","EPP"
"Françoise GROSSETÊTE","France","Loyal","For","EPP"
"Pascale GRUNY","France","Loyal","For","EPP"
"Andrzej GRZYB","Poland","Loyal","For","EPP"
"Ingeborg GRÄSSLE","Germany","Loyal","For","EPP"
"Catherine GRÈZE","France","Didn't vote","Didn't vote","Greens/EFA"
"Marek Józef GRÓBARCZYK","Poland","Absent","Absent","ECR"
"Roberto GUALTIERI","Italy","Didn't vote","Didn't vote","S&D"
"Enrique GUERRERO SALOM","Spain","Loyal","For","S&D"
"Sylvie GUILLAUME","France","Loyal","For","S&D"
"Zita GURMAI","Hungary","Loyal","For","S&D"
"Sergio GUTIÉRREZ PRIETO","Spain","Loyal","For","S&D"
"Cristina GUTIÉRREZ-CORTINES","Spain","Loyal","For","EPP"
"András GYÜRK","Hungary","Loyal","For","EPP"
"Kinga GÁL","Hungary","Loyal","For","EPP"
"Ildikó GÁLL-PELCZ","Hungary","Loyal","For","EPP"
"Kinga GÖNCZ","Hungary","Loyal","For","S&D"
"Takis HADJIGEORGIOU","Cyprus","Didn't vote","Didn't vote","GUE-NGL"
"Carl HAGLUND","Finland","Didn't vote","Didn't vote","ALDE/ADLE"
"Fiona HALL","United Kingdom","Loyal","For","ALDE/ADLE"
"Małgorzata HANDZLIK","Poland","Loyal","For","EPP"
"Ágnes HANKISS","Hungary","Loyal","For","EPP"
"Daniel HANNAN","United Kingdom","Didn't vote","Didn't vote","ECR"
"Malcolm HARBOUR","United Kingdom","Loyal","Against","ECR"
"Marian HARKIN","Ireland","Loyal","For","ALDE/ADLE"
"Rebecca HARMS","Germany","Absent","Absent","Greens/EFA"
"Lucas HARTONG","Netherlands","Independent","Against","NI"
"Satu HASSI","Finland","Loyal","For","Greens/EFA"
"Jutta HAUG","Germany","Didn't vote","Didn't vote","S&D"
"Heidi HAUTALA","Finland","Didn't vote","Didn't vote","Greens/EFA"
"Jiří HAVEL","Czech Republic","Loyal","For","S&D"
"Anna HEDH","Sweden","Loyal","For","S&D"
"Roger HELMER","United Kingdom","Loyal","Against","ECR"
"Edit HERCZOG","Hungary","Didn't vote","Didn't vote","S&D"
"Esther HERRANZ GARCÍA","Spain","Loyal","For","EPP"
"Jolanta Emilia HIBNER","Poland","Loyal","For","EPP"
"Jim HIGGINS","Ireland","Loyal","For","EPP"
"Joe HIGGINS","Ireland","Absent","Absent","GUE-NGL"
"Nadja HIRSCH","Germany","Loyal","For","ALDE/ADLE"
"Liem HOANG NGOC","France","Didn't vote","Didn't vote","S&D"
"Elie HOARAU","France","Rebel","Abstain","GUE-NGL"
"Monika HOHLMEIER","Germany","Absent","Absent","EPP"
"Mary HONEYBALL","United Kingdom","Loyal","For","S&D"
"Richard HOWITT","United Kingdom","Loyal","For","S&D"
"Ian HUDGHTON","United Kingdom","Didn't vote","Didn't vote","Greens/EFA"
"Stephen HUGHES","United Kingdom","Didn't vote","Didn't vote","S&D"
"Filiz Hakaeva HYUSMENOVA","Bulgaria","Loyal","For","ALDE/ADLE"
"Gerald HÄFNER","Germany","Didn't vote","Didn't vote","Greens/EFA"
"Thomas HÄNDEL","Germany","Absent","Absent","GUE-NGL"
"Martin HÄUSLING","Germany","Loyal","For","Greens/EFA"
"Jacky HÉNIN","France","Rebel","Against","GUE-NGL"
"Gunnar HÖKMARK","Sweden","Rebel","Abstain","EPP"
"Danuta Maria HÜBNER","Poland","Loyal","For","EPP"
"Salvatore IACOLINO","Italy","Loyal","For","EPP"
"Anna IBRISAGIC","Sweden","Rebel","Abstain","EPP"
"Stanimir ILCHEV","Bulgaria","Loyal","For","ALDE/ADLE"
"Juozas IMBRASAS","Lithuania","Didn't vote","Didn't vote","EFD"
"Iliana Malinova IOTOVA","Bulgaria","Loyal","For","S&D"
"Vincenzo IOVINE","Italy","Loyal","For","ALDE/ADLE"
"Carlos José ITURGAIZ ANGULO","Spain","Loyal","For","EPP"
"Ville ITÄLÄ","Finland","Loyal","For","EPP"
"Cătălin Sorin IVAN","Romania","Loyal","For","S&D"
"Iliana IVANOVA","Bulgaria","Loyal","For","EPP"
"Laurence J.A.J. STASSEN","Netherlands","Independent","Against","NI"
"Liisa JAAKONSAARI","Finland","Didn't vote","Didn't vote","S&D"
"Yannick JADOT","France","Loyal","For","Greens/EFA"
"Peter JAHR","Germany","Didn't vote","Didn't vote","EPP"
"Danuta JAZŁOWIECKA","Poland","Didn't vote","Didn't vote","EPP"
"Elisabeth JEGGLE","Germany","Loyal","For","EPP"
"Anne E. JENSEN","Denmark","Didn't vote","Didn't vote","ALDE/ADLE"
"Teresa JIMÉNEZ-BECERRIL BARRIO","Spain","Didn't vote","Didn't vote","EPP"
"Eva JOLY","France","Loyal","For","Greens/EFA"
"Cornelis de JONG","Netherlands","Absent","Absent","GUE-NGL"
"Romana JORDAN","Slovenia","Loyal","For","EPP"
"Oriol JUNQUERAS VIES","Spain","Loyal","For","Greens/EFA"
"Philippe JUVIN","France","Absent","Absent","EPP"
"Lívia JÁRÓKA","Hungary","Loyal","For","EPP"
"Anneli JÄÄTTEENMÄKI","Finland","Loyal","For","ALDE/ADLE"
"Dan JØRGENSEN","Denmark","Loyal","For","S&D"
"Sidonia Elżbieta JĘDRZEJEWSKA","Poland","Absent","Absent","EPP"
"Jelko KACIN","Slovenia","Absent","Absent","ALDE/ADLE"
"Filip KACZMAREK","Poland","Loyal","For","EPP"
"Karin KADENBACH","Austria","Loyal","For","S&D"
"Ivailo KALFIN","Bulgaria","Absent","Absent","S&D"
"Jarosław KALINOWSKI","Poland","Loyal","For","EPP"
"Sandra KALNIETE","Latvia","Loyal","For","EPP"
"Syed KAMALL","United Kingdom","Didn't vote","Didn't vote","ECR"
"Michał Tomasz KAMIŃSKI","Poland","Didn't vote","Didn't vote","ECR"
"Petra KAMMEREVERT","Germany","Loyal","For","S&D"
"Othmar KARAS","Austria","Loyal","For","EPP"
"Sajjad KARIM","United Kingdom","Loyal","Against","ECR"
"Krišjānis KARIŅŠ","Latvia","Loyal","For","EPP"
"Ioannis KASOULIDES","Cyprus","Loyal","For","EPP"
"Martin KASTLER","Germany","Loyal","For","EPP"
"Metin KAZAK","Bulgaria","Absent","Absent","ALDE/ADLE"
"Tunne KELAM","Estonia","Loyal","For","EPP"
"Franziska KELLER","Germany","Absent","Absent","Greens/EFA"
"Alan KELLY","Ireland","Loyal","For","S&D"
"Seán KELLY","Ireland","Loyal","For","EPP"
"Nicole KIIL-NIELSEN","France","Loyal","For","Greens/EFA"
"Evgeni KIRILOV","Bulgaria","Loyal","For","S&D"
"Timothy KIRKHOPE","United Kingdom","Loyal","Against","ECR"
"Christa KLASS","Germany","Loyal","For","EPP"
"Wolf KLINZ","Germany","Loyal","For","ALDE/ADLE"
"Jürgen KLUTE","Germany","Loyal","For","GUE-NGL"
"Dieter-Lebrecht KOCH","Germany","Absent","Absent","EPP"
"Silvana KOCH-MEHRIN","Germany","Loyal","For","ALDE/ADLE"
"Jaromír KOHLÍČEK","Czech Republic","Loyal","For","GUE-NGL"
"Lena KOLARSKA-BOBIŃSKA","Poland","Loyal","For","EPP"
"Maria Eleni KOPPA","Greece","Loyal","For","S&D"
"Eija-Riitta KORHOLA","Finland","Didn't vote","Didn't vote","EPP"
"Georgios KOUMOUTSAKOS","Greece","Loyal","For","EPP"
"Andrey KOVATCHEV","Bulgaria","Loyal","For","EPP"
"Béla KOVÁCS","Hungary","Independent","For","NI"
"Paweł Robert KOWAL","Poland","Loyal","Against","ECR"
"Sergej KOZLÍK","Slovakia","Didn't vote","Didn't vote","ALDE/ADLE"
"Jan KOZŁOWSKI","Poland","Loyal","For","EPP"
"Edvard KOŽUŠNÍK","Czech Republic","Loyal","Against","ECR"
"Holger KRAHMER","Germany","Loyal","For","ALDE/ADLE"
"Rodi KRATSA-TSAGAROPOULOU","Greece","Loyal","For","EPP"
"Constanze Angela KREHL","Germany","Loyal","For","S&D"
"Wolfgang KREISSL-DÖRFLER","Germany","Loyal","For","S&D"
"Werner KUHN","Germany","Loyal","For","EPP"
"Eduard KUKAN","Slovakia","Loyal","For","EPP"
"Jacek Olgierd KURSKI","Poland","Didn't vote","Didn't vote","ECR"
"Ádám KÓSA","Hungary","Loyal","For","EPP"
"Elisabeth KÖSTINGER","Austria","Loyal","For","EPP"
"Giovanni LA VIA","Italy","Loyal","For","EPP"
"Alain LAMASSOURE","France","Didn't vote","Didn't vote","EPP"
"Jean LAMBERT","United Kingdom","Loyal","For","Greens/EFA"
"Philippe LAMBERTS","Belgium","Loyal","For","Greens/EFA"
"Stavros LAMBRINIDIS","Greece","Loyal","For","S&D"
"Alexander Graf LAMBSDORFF","Germany","Didn't vote","Didn't vote","ALDE/ADLE"
"Vytautas LANDSBERGIS","Lithuania","Loyal","For","EPP"
"Bernd LANGE","Germany","Loyal","For","S&D"
"Esther de LANGE","Netherlands","Absent","Absent","EPP"
"Werner LANGEN","Germany","Loyal","For","EPP"
"Stéphane LE FOLL","France","Absent","Absent","S&D"
"Constance LE GRIP","France","Didn't vote","Didn't vote","EPP"
"Patrick LE HYARIC","France","Loyal","For","GUE-NGL"
"Jean-Marie LE PEN","France","Absent","Absent","NI"
"Marine LE PEN","France","Absent","Absent","NI"
"Kurt LECHNER","Germany","Didn't vote","Didn't vote","EPP"
"Ryszard Antoni LEGUTKO","Poland","Absent","Absent","ECR"
"Klaus-Heiner LEHNE","Germany","Didn't vote","Didn't vote","EPP"
"Jörg LEICHTFRIED","Austria","Loyal","For","S&D"
"Jo LEINEN","Germany","Loyal","For","S&D"
"Corinne LEPAGE","France","Loyal","For","ALDE/ADLE"
"Bogusław LIBERADZKI","Poland","Loyal","For","S&D"
"Eva LICHTENBERGER","Austria","Loyal","For","Greens/EFA"
"Peter LIESE","Germany","Loyal","For","EPP"
"Kartika Tamara LIOTARD","Netherlands","Loyal","For","GUE-NGL"
"Krzysztof LISEK","Poland","Didn't vote","Didn't vote","EPP"
"Barbara LOCHBIHLER","Germany","Loyal","For","Greens/EFA"
"Verónica LOPE FONTAGNÉ","Spain","Absent","Absent","EPP"
"Baroness Sarah LUDFORD","United Kingdom","Loyal","For","ALDE/ADLE"
"Olle LUDVIGSSON","Sweden","Loyal","For","S&D"
"Petru Constantin LUHAN","Romania","Didn't vote","Didn't vote","EPP"
"Astrid LULLING","Luxembourg","Loyal","For","EPP"
"Ulrike LUNACEK","Austria","Didn't vote","Didn't vote","Greens/EFA"
"Elizabeth LYNNE","United Kingdom","Loyal","For","ALDE/ADLE"
"George LYON","United Kingdom","Absent","Absent","ALDE/ADLE"
"Juan Fernando LÓPEZ AGUILAR","Spain","Didn't vote","Didn't vote","S&D"
"Antonio LÓPEZ-ISTÚRIZ WHITE","Spain","Didn't vote","Didn't vote","EPP"
"Sabine LÖSING","Germany","Loyal","For","GUE-NGL"
"Isabella LÖVIN","Sweden","Loyal","For","Greens/EFA"
"Morten LØKKEGAARD","Denmark","Loyal","For","ALDE/ADLE"
"Monica Luisa MACOVEI","Romania","Loyal","For","EPP"
"Barry MADLENER","Netherlands","Independent","Against","NI"
"Toine MANDERS","Netherlands","Loyal","For","ALDE/ADLE"
"Thomas MANN","Germany","Loyal","For","EPP"
"Bogdan Kazimierz MARCINKIEWICZ","Poland","Loyal","For","EPP"
"Marian-Jean MARINESCU","Romania","Didn't vote","Didn't vote","EPP"
"David MARTIN","United Kingdom","Loyal","For","S&D"
"Hans-Peter MARTIN","Austria","Didn't vote","Didn't vote","NI"
"Miguel Angel MARTÍNEZ MARTÍNEZ","Spain","Loyal","For","S&D"
"Antonio MASIP HIDALGO","Spain","Loyal","For","S&D"
"Clemente MASTELLA","Italy","Loyal","For","EPP"
"Barbara MATERA","Italy","Loyal","For","EPP"
"Véronique MATHIEU HOUILLON","France","Loyal","For","EPP"
"Marisa MATIAS","Portugal","Loyal","For","GUE-NGL"
"Gabriel MATO ADROVER","Spain","Loyal","For","EPP"
"Iosif MATULA","Romania","Loyal","For","EPP"
"Mario MAURO","Italy","Loyal","For","EPP"
"Kyriakos MAVRONIKOLAS","Cyprus","Absent","Absent","S&D"
"Hans-Peter MAYER","Germany","Didn't vote","Didn't vote","EPP"
"Jaime MAYOR OREJA","Spain","Loyal","For","EPP"
"Erminia MAZZONI","Italy","Loyal","For","EPP"
"Vladimír MAŇKA","Slovakia","Loyal","For","S&D"
"Jiří MAŠTÁLKA","Czech Republic","Didn't vote","Didn't vote","GUE-NGL"
"Linda McAVAN","United Kingdom","Didn't vote","Didn't vote","S&D"
"Arlene McCARTHY","United Kingdom","Loyal","For","S&D"
"Emma McCLARKIN","United Kingdom","Didn't vote","Didn't vote","ECR"
"Mairead McGUINNESS","Ireland","Didn't vote","Didn't vote","EPP"
"Edward McMILLAN-SCOTT","United Kingdom","Loyal","For","ALDE/ADLE"
"Gesine MEISSNER","Germany","Loyal","For","ALDE/ADLE"
"Nuno MELO","Portugal","Didn't vote","Didn't vote","EPP"
"Emilio MENÉNDEZ del VALLE","Spain","Loyal","For","S&D"
"Judith A. MERKIES","Netherlands","Didn't vote","Didn't vote","S&D"
"Morten MESSERSCHMIDT","Denmark","Loyal","Against","EFD"
"Willy MEYER","Spain","Absent","Absent","GUE-NGL"
"Louis MICHEL","Belgium","Loyal","For","ALDE/ADLE"
"Marek Henryk MIGALSKI","Poland","Rebel","For","ECR"
"Miroslav MIKOLÁŠIK","Slovakia","Loyal","For","EPP"
"Guido MILANA","Italy","Loyal","For","S&D"
"Francisco José MILLÁN MON","Spain","Loyal","For","EPP"
"Alexander MIRSKY","Latvia","Didn't vote","Didn't vote","S&D"
"Gay MITCHELL","Ireland","Loyal","For","EPP"
"Claude MORAES","United Kingdom","Didn't vote","Didn't vote","S&D"
"Vital MOREIRA","Portugal","Didn't vote","Didn't vote","S&D"
"Claudio MORGANTI","Italy","Rebel","For","EFD"
"Elisabeth MORIN-CHARTIER","France","Loyal","For","EPP"
"Radvilė MORKŪNAITĖ-MIKULĖNIENĖ","Lithuania","Loyal","For","EPP"
"Krisztina MORVAI","Hungary","Absent","Absent","NI"
"Tiziano MOTTI","Italy","Loyal","For","EPP"
"Jan MULDER","Netherlands","Absent","Absent","ALDE/ADLE"
"Cristiana MUSCARDINI","Italy","Loyal","For","EPP"
"María MUÑIZ DE URQUIZA","Spain","Didn't vote","Didn't vote","S&D"
"Jean-Luc MÉLENCHON","France","Rebel","Against","GUE-NGL"
"Íñigo MÉNDEZ DE VIGO","Spain","Absent","Absent","EPP"
"Alajos MÉSZÁROS","Slovakia","Loyal","For","EPP"
"Andreas MÖLZER","Austria","Independent","For","NI"
"Ramona Nicole MĂNESCU","Romania","Loyal","For","ALDE/ADLE"
"Mike NATTRASS","United Kingdom","Absent","Absent","NI"
"Norbert NEUSER","Germany","Didn't vote","Didn't vote","S&D"
"Katarína NEVEĎALOVÁ","Slovakia","Loyal","For","S&D"
"Bill NEWTON DUNN","United Kingdom","Loyal","For","ALDE/ADLE"
"Nadezhda NEYNSKY","Bulgaria","Loyal","For","EPP"
"Annemie NEYTS-UYTTEBROECK","Belgium","Loyal","For","ALDE/ADLE"
"James NICHOLSON","United Kingdom","Loyal","Against","ECR"
"Norica NICOLAI","Romania","Loyal","For","ALDE/ADLE"
"Rareş-Lucian NICULESCU","Romania","Loyal","For","EPP"
"Angelika NIEBLER","Germany","Loyal","For","EPP"
"Lambert van NISTELROOIJ","Netherlands","Loyal","For","EPP"
"Sławomir NITRAS","Poland","Loyal","For","EPP"
"Paul NUTTALL","United Kingdom","Loyal","Against","EFD"
"Franz OBERMAYR","Austria","Independent","For","NI"
"Raimon OBIOLS","Spain","Loyal","For","S&D"
"Kristiina OJULAND","Estonia","Absent","Absent","ALDE/ADLE"
"Jan OLBRYCHT","Poland","Loyal","For","EPP"
"Wojciech Michał OLEJNICZAK","Poland","Absent","Absent","S&D"
"Ria OOMEN-RUIJTEN","Netherlands","Absent","Absent","EPP"
"Miroslav OUZKÝ","Czech Republic","Loyal","Against","ECR"
"Siiri OVIIR","Estonia","Loyal","For","ALDE/ADLE"
"Doris PACK","Germany","Absent","Absent","EPP"
"Ivari PADAR","Estonia","Loyal","For","S&D"
"Riikka PAKARINEN","Finland","Loyal","For","ALDE/ADLE"
"Rolandas PAKSAS","Lithuania","Rebel","For","EFD"
"Justas Vincas PALECKIS","Lithuania","Didn't vote","Didn't vote","S&D"
"Chrysoula PALIADELI","Greece","Loyal","For","S&D"
"Alfredo PALLONE","Italy","Loyal","For","EPP"
"Vladko Todorov PANAYOTOV","Bulgaria","Loyal","For","ALDE/ADLE"
"Pier Antonio PANZERI","Italy","Loyal","For","S&D"
"Antigoni PAPADOPOULOU","Cyprus","Loyal","For","S&D"
"Georgios PAPANIKOLAOU","Greece","Loyal","For","EPP"
"Georgios PAPASTAMKOS","Greece","Loyal","For","EPP"
"Gilles PARGNEAUX","France","Didn't vote","Didn't vote","S&D"
"Antonyia PARVANOVA","Bulgaria","Loyal","For","ALDE/ADLE"
"Aldo PATRICIELLO","Italy","Loyal","For","EPP"
"Maria do Céu PATRÃO NEVES","Portugal","Loyal","For","EPP"
"Marit PAULSEN","Sweden","Loyal","For","ALDE/ADLE"
"Ioan Mircea PAŞCU","Romania","Absent","Absent","S&D"
"Jaroslav PAŠKA","Slovakia","Rebel","For","EFD"
"Vincent PEILLON","France","Didn't vote","Didn't vote","S&D"
"Andrés PERELLÓ RODRÍGUEZ","Spain","Loyal","For","S&D"
"Alojz PETERLE","Slovenia","Loyal","For","EPP"
"Markus PIEPER","Germany","Absent","Absent","EPP"
"Sirpa PIETIKÄINEN","Finland","Loyal","For","EPP"
"Mirosław PIOTROWSKI","Poland","Loyal","Against","ECR"
"Mario PIRILLO","Italy","Loyal","For","S&D"
"Gianni PITTELLA","Italy","Didn't vote","Didn't vote","S&D"
"Rovana PLUMB","Romania","Loyal","For","S&D"
"Pavel POC","Czech Republic","Loyal","For","S&D"
"Anni PODIMATA","Greece","Loyal","For","S&D"
"Maurice PONGA","France","Loyal","For","EPP"
"Miguel PORTAS","Portugal","Absent","Absent","GUE-NGL"
"Tomasz Piotr PORĘBA","Poland","Loyal","Against","ECR"
"Bernd POSSELT","Germany","Loyal","For","EPP"
"Konstantinos POUPAKIS","Greece","Absent","Absent","EPP"
"Cristian Dan PREDA","Romania","Loyal","For","EPP"
"Vittorio PRODI","Italy","Loyal","For","S&D"
"Jacek PROTASIEWICZ","Poland","Loyal","For","EPP"
"Fiorello PROVERA","Italy","Rebel","For","EFD"
"Hans-Gert PÖTTERING","Germany","Loyal","For","EPP"
"Godelieve QUISTHOUDT-ROWOHL","Germany","Absent","Absent","EPP"
"Paulo RANGEL","Portugal","Loyal","For","EPP"
"Hella RANNER","Austria","Loyal","For","EPP"
"Miloslav RANSDORF","Czech Republic","Loyal","For","GUE-NGL"
"Bernhard RAPKAY","Germany","Didn't vote","Didn't vote","S&D"
"Sylvana RAPTI","Greece","Loyal","For","S&D"
"Evelyn REGNER","Austria","Loyal","For","S&D"
"Britta REIMERS","Germany","Loyal","For","ALDE/ADLE"
"Vladimír REMEK","Czech Republic","Loyal","For","GUE-NGL"
"Mitro REPO","Finland","Loyal","For","S&D"
"Herbert REUL","Germany","Didn't vote","Didn't vote","EPP"
"Teresa RIERA MADURELL","Spain","Loyal","For","S&D"
"Frédérique RIES","Belgium","Loyal","For","ALDE/ADLE"
"Niccolò RINALDI","Italy","Didn't vote","Didn't vote","ALDE/ADLE"
"Dominique RIQUET","France","Absent","Absent","EPP"
"Michèle RIVASI","France","Didn't vote","Didn't vote","Greens/EFA"
"Crescenzio RIVELLINI","Italy","Loyal","For","EPP"
"Robert ROCHEFORT","France","Loyal","For","ALDE/ADLE"
"Ulrike RODUST","Germany","Loyal","For","S&D"
"Jens ROHDE","Denmark","Loyal","For","ALDE/ADLE"
"Zuzana ROITHOVÁ","Czech Republic","Loyal","For","EPP"
"Carmen ROMERO LÓPEZ","Spain","Didn't vote","Didn't vote","S&D"
"Raül ROMEVA i RUEDA","Spain","Loyal","For","Greens/EFA"
"Licia RONZULLI","Italy","Loyal","For","EPP"
"Anna ROSBACH","Denmark","Loyal","Against","ECR"
"Oreste ROSSI","Italy","Rebel","For","EFD"
"Dagmar ROTH-BEHRENDT","Germany","Didn't vote","Didn't vote","S&D"
"Libor ROUČEK","Czech Republic","Loyal","For","S&D"
"Alfreds RUBIKS","Latvia","Loyal","For","GUE-NGL"
"Paul RÜBIG","Austria","Didn't vote","Didn't vote","EPP"
"Heide RÜHLE","Germany","Loyal","For","Greens/EFA"
"José Ignacio SALAFRANCA SÁNCHEZ-NEYRA","Spain","Loyal","For","EPP"
"Potito SALATTO","Italy","Loyal","For","EPP"
"Nikolaos SALAVRAKOS","Greece","Absent","Absent","EFD"
"Matteo SALVINI","Italy","Rebel","For","EFD"
"Marie-Thérèse SANCHEZ-SCHMID","France","Loyal","For","EPP"
"Judith SARGENTINI","Netherlands","Loyal","For","Greens/EFA"
"Marielle de SARNEZ","France","Loyal","For","ALDE/ADLE"
"Amalia SARTORI","Italy","Loyal","For","EPP"
"Jacek SARYUSZ-WOLSKI","Poland","Didn't vote","Didn't vote","EPP"
"David-Maria SASSOLI","Italy","Didn't vote","Didn't vote","S&D"
"Algirdas SAUDARGAS","Lithuania","Loyal","For","EPP"
"Vilja SAVISAAR-TOOMAST","Estonia","Loyal","For","ALDE/ADLE"
"Tokia SAÏFI","France","Loyal","For","EPP"
"Marietje SCHAAKE","Netherlands","Loyal","For","ALDE/ADLE"
"Christel SCHALDEMOSE","Denmark","Loyal","For","S&D"
"Carl SCHLYTER","Sweden","Rebel","Against","Greens/EFA"
"Olle SCHMIDT","Sweden","Loyal","For","ALDE/ADLE"
"Horst SCHNELLHARDT","Germany","Loyal","For","EPP"
"Birgit SCHNIEBER-JASTRAM","Germany","Absent","Absent","EPP"
"Helmut SCHOLZ","Germany","Loyal","For","GUE-NGL"
"Elisabeth SCHROEDTER","Germany","Loyal","For","Greens/EFA"
"Martin SCHULZ","Germany","Loyal","For","S&D"
"Werner SCHULZ","Germany","Loyal","For","Greens/EFA"
"Andreas SCHWAB","Germany","Loyal","For","EPP"
"György SCHÖPFLIN","Hungary","Loyal","For","EPP"
"Edward SCICLUNA","Malta","Loyal","For","S&D"
"Giancarlo SCOTTÀ","Italy","Rebel","For","EFD"
"Marco SCURRIA","Italy","Loyal","For","EPP"
"Richard SEEBER","Austria","Loyal","For","EPP"
"Olga SEHNALOVÁ","Czech Republic","Absent","Absent","S&D"
"Joanna SENYSZYN","Poland","Loyal","For","S&D"
"Debora SERRACCHIANI","Italy","Didn't vote","Didn't vote","S&D"
"Adrian SEVERIN","Romania","Independent","For","NI"
"Czesław Adam SIEKIERSKI","Poland","Loyal","For","EPP"
"Sergio Paolo Francesco SILVESTRIS","Italy","Loyal","For","EPP"
"Peter SIMON","Germany","Didn't vote","Didn't vote","S&D"
"Brian SIMPSON","United Kingdom","Loyal","For","S&D"
"Nicole SINCLAIRE","United Kingdom","Independent","Against","NI"
"Birgit SIPPEL","Germany","Loyal","For","S&D"
"Marek SIWIEC","Poland","Loyal","For","S&D"
"Peter SKINNER","United Kingdom","Loyal","For","S&D"
"Joanna Katarzyna SKRZYDLEWSKA","Poland","Loyal","For","EPP"
"Theodoros SKYLAKAKIS","Greece","Loyal","For","ALDE/ADLE"
"Alyn SMITH","United Kingdom","Didn't vote","Didn't vote","Greens/EFA"
"Monika SMOLKOVÁ","Slovakia","Loyal","For","S&D"
"Timo SOINI","Finland","Loyal","Against","EFD"
"Renate SOMMER","Germany","Loyal","For","EPP"
"Bogusław SONIK","Poland","Loyal","For","EPP"
"Francisco SOSA WAGNER","Spain","Independent","For","NI"
"Catherine SOULLIE","France","Loyal","For","EPP"
"Francesco Enrico SPERONI","Italy","Rebel","For","EFD"
"Bart STAES","Belgium","Loyal","For","Greens/EFA"
"Georgios STAVRAKAKIS","Greece","Loyal","For","S&D"
"Jutta STEINRUCK","Germany","Loyal","For","S&D"
"Dirk STERCKX","Belgium","Loyal","For","ALDE/ADLE"
"Struan STEVENSON","United Kingdom","Loyal","Against","ECR"
"Catherine STIHLER","United Kingdom","Loyal","For","S&D"
"Daniël van der STOEP","Netherlands","Independent","Against","NI"
"Theodor Dumitru STOLOJAN","Romania","Loyal","For","EPP"
"Dimitar STOYANOV","Bulgaria","Independent","Against","NI"
"Emil STOYANOV","Bulgaria","Didn't vote","Didn't vote","EPP"
"Ernst STRASSER","Austria","Loyal","For","EPP"
"Ivo STREJČEK","Czech Republic","Loyal","Against","ECR"
"Michèle STRIFFLER","France","Loyal","For","EPP"
"Robert STURDY","United Kingdom","Didn't vote","Didn't vote","ECR"
"László SURJÁN","Hungary","Absent","Absent","EPP"
"Gianluca SUSTA","Italy","Loyal","For","S&D"
"Alf SVENSSON","Sweden","Rebel","Abstain","EPP"
"Eva-Britt SVENSSON","Sweden","Loyal","For","GUE-NGL"
"Kay SWINBURNE","United Kingdom","Didn't vote","Didn't vote","ECR"
"Hannes SWOBODA","Austria","Loyal","For","S&D"
"Csanád SZEGEDI","Hungary","Absent","Absent","NI"
"Konrad SZYMAŃSKI","Poland","Didn't vote","Didn't vote","ECR"
"József SZÁJER","Hungary","Loyal","For","EPP"
"Antolín SÁNCHEZ PRESEDO","Spain","Loyal","For","S&D"
"Daciana Octavia SÂRBU","Romania","Absent","Absent","S&D"
"Csaba SÓGOR","Romania","Loyal","For","EPP"
"Søren Bo SØNDERGAARD","Denmark","Loyal","For","GUE-NGL"
"Csaba Sándor TABAJDI","Hungary","Loyal","For","S&D"
"Hannu TAKKULA","Finland","Loyal","For","ALDE/ADLE"
"Charles TANNOCK","United Kingdom","Didn't vote","Didn't vote","ECR"
"Marc TARABELLA","Belgium","Didn't vote","Didn't vote","S&D"
"Indrek TARAND","Estonia","Absent","Absent","Greens/EFA"
"Salvatore TATARELLA","Italy","Didn't vote","Didn't vote","EPP"
"Rui TAVARES","Portugal","Loyal","For","Greens/EFA"
"Keith TAYLOR","United Kingdom","Loyal","For","Greens/EFA"
"Nuno TEIXEIRA","Portugal","Loyal","For","EPP"
"Zoran THALER","Slovenia","Absent","Absent","S&D"
"Alexandra THEIN","Germany","Loyal","For","ALDE/ADLE"
"Eleni THEOCHAROUS","Cyprus","Loyal","For","EPP"
"Michael THEURER","Germany","Loyal","For","ALDE/ADLE"
"Britta THOMSEN","Denmark","Didn't vote","Didn't vote","S&D"
"Róża Gräfin von THUN UND HOHENSTEIN","Poland","Loyal","For","EPP"
"Marianne THYSSEN","Belgium","Didn't vote","Didn't vote","EPP"
"Patrice TIROLIEN","France","Absent","Absent","S&D"
"Patrizia TOIA","Italy","Loyal","For","S&D"
"Valdemar TOMAŠEVSKI","Lithuania","Didn't vote","Didn't vote","ECR"
"Georgios TOUSSAS","Greece","Didn't vote","Didn't vote","GUE-NGL"
"Evžen TOŠENOVSKÝ","Czech Republic","Absent","Absent","ECR"
"Catherine TRAUTMANN","France","Didn't vote","Didn't vote","S&D"
"Michail TREMOPOULOS","Greece","Absent","Absent","Greens/EFA"
"Ramon TREMOSA i BALCELLS","Spain","Loyal","For","ALDE/ADLE"
"Kyriacos TRIANTAPHYLLIDES","Cyprus","Loyal","For","GUE-NGL"
"Rafał TRZASKOWSKI","Poland","Loyal","For","EPP"
"Helga TRÜPEL","Germany","Didn't vote","Didn't vote","Greens/EFA"
"Ioannis A. TSOUKALAS","Greece","Loyal","For","EPP"
"Claude TURMES","Luxembourg","Loyal","For","Greens/EFA"
"Emilie TURUNEN","Denmark","Loyal","For","Greens/EFA"
"Niki TZAVELA","Greece","Absent","Absent","EFD"
"Claudiu Ciprian TĂNĂSESCU","Romania","Loyal","For","S&D"
"László TŐKÉS","Romania","Didn't vote","Didn't vote","EPP"
"Giommaria UGGIAS","Italy","Loyal","For","ALDE/ADLE"
"Thomas ULMER","Germany","Loyal","For","EPP"
"Marita ULVSKOG","Sweden","Loyal","For","S&D"
"Traian UNGUREANU","Romania","Loyal","For","EPP"
"Vladimir URUTCHEV","Bulgaria","Loyal","For","EPP"
"Viktor USPASKICH","Lithuania","Didn't vote","Didn't vote","ALDE/ADLE"
"Corneliu VADIM TUDOR","Romania","Absent","Absent","NI"
"Inese VAIDERE","Latvia","Loyal","For","EPP"
"Ivo VAJGL","Slovenia","Loyal","For","ALDE/ADLE"
"Kathleen VAN BREMPT","Belgium","Didn't vote","Didn't vote","S&D"
"Geoffrey VAN ORDEN","United Kingdom","Didn't vote","Didn't vote","ECR"
"Frank VANHECKE","Belgium","Didn't vote","Didn't vote","EFD"
"Gianni VATTIMO","Italy","Loyal","For","ALDE/ADLE"
"Derek VAUGHAN","United Kingdom","Didn't vote","Didn't vote","S&D"
"Sophia in 't VELD","Netherlands","Loyal","For","ALDE/ADLE"
"Marie-Christine VERGIAT","France","Rebel","Abstain","GUE-NGL"
"Bernadette VERGNAUD","France","Loyal","For","S&D"
"Sabine VERHEYEN","Germany","Absent","Absent","EPP"
"Guy VERHOFSTADT","Belgium","Loyal","For","ALDE/ADLE"
"Alejo VIDAL-QUADRAS","Spain","Absent","Absent","EPP"
"Kristian VIGENIN","Bulgaria","Loyal","For","S&D"
"Philippe de VILLIERS","France","Loyal","Against","EFD"
"Dominique VLASTO","France","Absent","Absent","EPP"
"Oldřich VLASÁK","Czech Republic","Rebel","For","ECR"
"Axel VOSS","Germany","Loyal","For","EPP"
"Adina-Ioana VĂLEAN","Romania","Loyal","For","ALDE/ADLE"
"Diana WALLIS","United Kingdom","Loyal","For","ALDE/ADLE"
"Sir Graham WATSON","United Kingdom","Didn't vote","Didn't vote","ALDE/ADLE"
"Jarosław Leszek WAŁĘSA","Poland","Loyal","For","EPP"
"Henri WEBER","France","Loyal","For","S&D"
"Manfred WEBER","Germany","Loyal","For","EPP"
"Renate WEBER","Romania","Didn't vote","Didn't vote","ALDE/ADLE"
"Barbara WEILER","Germany","Loyal","For","S&D"
"Anja WEISGERBER","Germany","Loyal","For","EPP"
"Angelika WERTHMANN","Austria","Independent","For","NI"
"Åsa WESTLUND","Sweden","Absent","Absent","S&D"
"Kerstin WESTPHAL","Germany","Loyal","For","S&D"
"Rainer WIELAND","Germany","Loyal","For","EPP"
"Cecilia WIKSTRÖM","Sweden","Didn't vote","Didn't vote","ALDE/ADLE"
"Glenis WILLMOTT","United Kingdom","Loyal","For","S&D"
"Sabine WILS","Germany","Loyal","For","GUE-NGL"
"Hermann WINKLER","Germany","Loyal","For","EPP"
"Iuliu WINKLER","Romania","Loyal","For","EPP"
"Janusz WOJCIECHOWSKI","Poland","Didn't vote","Didn't vote","ECR"
"Corien WORTMANN-KOOL","Netherlands","Loyal","For","EPP"
"Jacek WŁOSOWICZ","Poland","Rebel","For","ECR"
"Marina YANNAKOUDAKIS","United Kingdom","Loyal","Against","ECR"
"Luis YÁÑEZ-BARNUEVO GARCÍA","Spain","Loyal","For","S&D"
"Jan ZAHRADIL","Czech Republic","Didn't vote","Didn't vote","ECR"
"Boris ZALA","Slovakia","Absent","Absent","S&D"
"Pablo ZALBA BIDEGAIN","Spain","Didn't vote","Didn't vote","EPP"
"Paweł ZALEWSKI","Poland","Loyal","For","EPP"
"Iva ZANICCHI","Italy","Loyal","For","EPP"
"Artur ZASADA","Poland","Loyal","For","EPP"
"Joachim ZELLER","Germany","Loyal","For","EPP"
"Janusz Władysław ZEMKE","Poland","Loyal","For","S&D"
"Gabriele ZIMMER","Germany","Absent","Absent","GUE-NGL"
"Zbigniew ZIOBRO","Poland","Didn't vote","Didn't vote","ECR"
"Milan ZVER","Slovenia","Loyal","For","EPP"
"Tadeusz ZWIEFKA","Poland","Loyal","For","EPP"
"Anna ZÁBORSKÁ","Slovakia","Loyal","For","EPP"
"Roberts ZĪLE","Latvia","Didn't vote","Didn't vote","ECR"
"János ÁDER","Hungary","Loyal","For","EPP"
"Andrea ČEŠKOVÁ","Czech Republic","Loyal","Against","ECR"
"Elżbieta Katarzyna ŁUKACIJEWSKA","Poland","Loyal","For","EPP"
"Csaba ŐRY","Hungary","Didn't vote","Didn't vote","EPP"
"Peter ŠŤASTNÝ","Slovakia","Loyal","For","EPP"
"Silvia-Adriana ŢICĂU","Romania","Loyal","For","S&D"
"Tatjana ŽDANOKA","Latvia","Loyal","For","Greens/EFA"