"Date","Name of document","Result of vote","Parliament or council","Policy area"
"15.09.2009","Mobilisation of the European Globalisation Adjustment Fund - Motions for a resolution : Single vote","+","EP","Budget"
"15.09.2009","Mobilisation of the European Union Solidarity Fund - Motions for a resolution : Single vote","+","EP","Budget"
"15.09.2009","Draft amending budget No 6/2009 on Draft amending budget No 6/2009 of the European Union for the financial year 2009, Section III – Commission - Motions for a resolution : Single vote","+","EP","Budget"
"15.09.2009","Draft amending budget No 7/2009 on Draft amending budget No 7/2009 of the European Union for the financial year 2009 (Klaus storm in France) - Motions for a resolution : Single vote","+","EP","Budget"
"15.09.2009","Draft amending budget No 8/2009 on Draft amending budget No 8/2009 of the European Union for the financial year 2009: Europol, Eurojust, OLAF - Motions for a resolution : Single vote","+","EP","Budget"
"08.10.2009","Report: Reimer Böge - Mobilisation of the EU Solidarity Fund: Italy, the Abruzzo earthquake  - Motion for a resolution : vote: resolution (text as a whole)","+","EP","Budget"
"20.10.2009","Report: Reimer Böge- Mobilisation of the European Globalisation Adjustment Fund (Germany) Proposal for a decision of the European Parliament and of the Council on the mobilisation of the European Globalisation Adjustment Fund pursuant to point 28 of the Interinstitutional Agreement of 17 May 2006 between the European Parliament, the Council and the Commission on budgetary discipline and sound financial management - Motions for a resolution : Single vote","+","EP","Budget"
"20.10.2009","Report: Jutta Haug - Draft amending budget 9/2009: earthquake in Italy on the draft amending budget 9/2009 of the European Union for the 2009 financial year, earthquake in Italy, Section III - Commission  - Motions for a resolution : Single vote","+","EP","Budget"
"22.10.2009","Draft general budget of the European Union - 2010 financial year- Draft amendments to and proposals for modification relating to the appropriations in Section III and Sections I, II, IV, V, VI, VII, VIII and IX  : 05 02 03,amendment 33","+","EP","Budget"
"22.10.2009","Report: László Surján - Draft general budget 2010 (Section III)on the draft general budget of the European Union for the financial year 2010, Section III - Commission (C7-0127/2009 - 2009/2002(BUD)) and on the letter of amendment No 1/2010 (SEC(2009)1133) to the draft general budget of the European Union for the financial year 2010 - Motions for a resolution : vote: resolution (text as a whole)","+","EP","Budget"
"12.11.2009","Report: Alain Lamassoure- Transitional procedural guidelines on budgetary matters in view of the entry into force of the Lisbon Treaty - Motion for a resolution : vote: resolution (text as a whole)","+","EP","Budget"
"25.11.2009","Report: Reimer Böge (A7-0044/2009) - Mobilisation of the European Globalisation Adjustment Fund: Belgium - textile industry; Ireland - Dell  - Motions for a resolution : vote: resolution (text as a whole)","+","EP","Budget"
"16.12.2009","Report: Reimer Böge - Mobilisation of the European Globalisation Adjustment Fund: Sweden - Volvo; Austria - Steiermark; Netherlands - Heijmans - Motion for a resolution : vote: resolution (text as a whole)","+","EP","Budget"
"16.12.2009","Report: Jutta Haug - Draft amending budget No 10/2009 of the European Union for the financial year 2009, Section III  - Motion for a resolution : vote: resolution (text as a whole)","+","EP","Budget"
"17.12.2009","Report: Reimer Böge- Mobilisation of the Flexibility Instrumentin accordance with point 27 of the Interinstitutional Agreement of 17 May 2006 between the European Parliament, the Council and the Commission on budgetary discipline and sound financial management - Motion for a resolution : single vote","+","EP","Budget"
"17.12.2009","Report: Reimer Böge - Amendment to the multiannual financial framework 2007-2013: financing energy projects under the European Economic Recovery Plan - Motion for a resolution : single vote","+","EP","Budget"
"17.12.2009","Draft general budget of the European Union for the financial year 2010 as modified by the Council  : 06 04 14 01,amendment 382/2","+","EP","Budget"
"17.12.2009","Report: László Surján, Vladimír Maňka (A7-0083/2009) - Draft general budget of the European Union for the financial year 2010 as modified by the Council (all sections) - Motion for a resolution : vote: resolution (text as a whole)","+","EP","Budget"
"25.02.2010","Estimates of revenue and expenditure for Amending Budget 1/2010 (Section I, European Parliament) - Motion for a resolution : vote: resolution (text as a whole)","+","EP","Budget"
"09.03.2010","The allocation of financial intermediation services indirectly measured (FISIM) for the establishment of the gross national income (GNI) - Draft legislative resolution : single vote - consultation","+","EP","Budget"
"09.03.2010","Mobilisation of the European Globalisation Adjustment Fund: Germany - redundancies - Motion for a resolution : single vote","+","EP","Budget"
"09.03.2010","Mobilisation of the European Globalisation Adjustment Fund: Lithuania - redundancies - Motion for a resolution : single vote","+","EP","Budget"
"09.03.2010","Mobilisation of the European Globilisation Adjustment Fund: Lithuania - construction of buildings - Motion for a resolution : single vote","+","EP","Budget"
"25.03.2010","Mobilisation of the European Globalisation Adjustment Fund: Lithuania/Manufacture of furniture - Motion for a resolution : single vote","+","EP","Budget"
"25.03.2010","Mobilisation of the European Globalisation Adjustment Fund: Lithuania/Manufacture of wearing apparel - Motion for a resolution : single vote","+","EP","Budget"
"25.03.2010","Priorities for the 2011 budget – Section III – Commission - Motion for a resolution : vote: resolution (text as a whole)","+","EP","Budget"
"19.05.2010","Amending budget no 1/2010: Section I - Parliament - Motion for a resolution : vote: resolution (text as a whole)  ,amendment 0","+","EP","Budget"
"15.06.2010","European Globalisation Adjustment Fund: ES/Region of Valencia - Motion for a resolution : single vote","+","EP","Budget"
"15.06.2010","Mobilisation of the European Globalisation Adjustment Fund: technical assistance at the initiative of the Commission - Motion for a resolution : single vote","+","EP","Budget"
"15.06.2010","Mobilisation of European Globalisation Adjustment Fund : ES/Castilla - La Mancha - Motion for a resolution : single vote","+","EP","Budget"
"15.06.2010","Mobilisation of European Globalisation Adjustment Fund : Ireland/Waterford Crystal - Motion for a resolution : single vote","+","EP","Budget"
"15.06.2010","Mandate for the trilogue on the 2011 Draft Budget - Motion for a resolution : vote: resolution (text as a whole)","+","EP","Budget"
"16.06.2010","Draft amending budget No 4/2010: Section III - Commission (2009 surplus) - Motion for a resolution : vote: resolution (text as a whole)","+","EP","Budget"
"07.09.2010","Draft amending budget No 2/2010 BEREC (Office of the Body of the European Regulators for Electronic Communications) - Motion for a resolution : single vote","+","EP","Budget"
"21.09.2010","Draft amending budget No 5/2010: OLAF and the review of own resources - Motion for a resolution : single vote","+","EP","Budget"
"22.09.2010","Draft amending budget no 7/2010: guarantee provided by the European Union in accordance with the provisions of Article 122 of the TFEU – financial assistance to Member States - Motion for a resolution : single vote","+","EP","Budget"
"22.09.2010","Multiannual financial framework for 2007-2013 - Motion for a resolution : single vote","+","EP","Budget"
"07.10.2010","Mobilisation of the European Globalisation Adjustment Fund: Denmark/Danfoss Group - Report : single vote","+","EP","Budget"
"07.10.2010","Mobilisation of the European Globalisation Adjustment Fund: Spain/Galicia Textiles - Report : single vote","+","EP","Budget"
"07.10.2010","Mobilisation of the European Globalisation Adjustment Fund: Denmark/Linak A/S - Report : single vote","+","EP","Budget"
"19.10.2010","Mobilisation of the European Globalisation Adjustment Fund: Nordjylland/Denmark - Motion for a resolution : single vote","+","EP","Budget"
"19.10.2010","Mobilisation of the European Globalisation Adjustment Fund : NXP Semiconductors/Netherlands - Motion for a resolution : single vote","+","EP","Budget"
"19.10.2010","Mobilisation of the European Globalisation Adjustment Fund: Qimonda/Portugal - Motion for a resolution : single vote","+","EP","Budget"
"19.10.2010","Mobilisation of the European Globalisation Adjustment Fund: Cataluña automoción/Spain - Motion for a resolution : single vote","+","EP","Budget"
"20.10.2010","Draft general budget of the European Union - 2011 financial year - Motion for a resolution : 02 02 15,amendment 694","-","EP","Budget"
"20.10.2010","Draft amending budget No 3/2010: Section III - Commission - BAM (Banana Accompanying Measures) - Motion for a resolution : vote: resolution (text as a whole)","+","EP","Budget"
"20.10.2010","Draft amending budget No 6/2010: Section II - European Council and Council; Section III - Commission; Section X - European External Action Service - Motion for a resolution : single vote","+","EP","Budget"
"20.10.2010","Financial Regulation applicable to the general budget of the European Communities as regards the European External Action Service - Draft legislative resolution : vote: legislative resolution  - ordinary legislative procedure, first reading","+","EP","Budget"
"20.10.2010","Parliament's position on the 2011 draft budget as modified by the Council - all sections - Motion for a resolution : vote: resolution (text as a whole)","+","EP","Budget"
"11.11.2010","Mobilisation of the European Globalisation Adjustment Fund: Ireland - SR Technics - Motion for a resolution : single vote","+","EP","Budget"
"23.11.2010","Mobilisation of the European Globalisation Adjustment Fund: Noord Holland and Zuid Holland Division 58/Netherlands - Motion for a resolution : single vote","+","EP","Budget"
"23.11.2010","Mobilisation of the European Globalisation Adjustment Fund: Noord Holland and Utrecht Division 18/Netherlands - Motion for a resolution : single vote","+","EP","Budget"
"23.11.2010","Mobilisation of the European Globalisation Adjustment Fund: Drenthe Division 18/Netherlands - Motion for a resolution : single vote","+","EP","Budget"
"23.11.2010","Mobilisation of the European Globalisation Adjustment Fund: Limburg Division 18/Netherlands - Motion for a resolution : single vote","+","EP","Budget"
"23.11.2010","Mobilisation of the European Globalisation Adjustment Fund: Gelderland and Overijssel Division 18/Netherlands - Motion for a resolution : single vote","+","EP","Budget"
"23.11.2010","Mobilisation of the European Globalisation Adjustment Fund: Noord Brabant and Zuid Holland , Division 18/Netherlands - Motion for a resolution : single vote","+","EP","Budget"
"23.11.2010","Mobilisation of the EU Solidarity Fund: Ireland – floods in November 2009 - Motion for a resolution : single vote","+","EP","Budget"
"24.11.2010","Draft amending budget No 8/2010: Section III - Commission - European Solidarity Fund: floods in Ireland - completion of ESF - Objective 1 (2000 to 2006) - Motion for a resolution : single vote","+","EP","Budget"
"25.11.2010","2011 budget - Motion for a resolution : vote: resolution (text as a whole)","+","EP","Budget"
"14.12.2010","Mobiliation of the European Globalisation Adjustment Fund: Lear from Spain - Motion for a resolution : single vote","+","EP","Budget"
"14.12.2010","Mobilisation of the European Globalisation Adjustment Fund: H.Cegielski-Poznań from Poland - Motion for a resolution : single vote","+","EP","Budget"
"14.12.2010","Mobilisation of the European Globalisation Adjustment Fund: Comunidad Valenciana - natural stone from Spain - Motion for a resolution : single vote","+","EP","Budget"
"14.12.2010","Mobilisation of the European Globalisation Adjustment Fund: Comunidad Valenciana - Textiles/Spain - Motion for a resolution : single vote","+","EP","Budget"
"14.12.2010","Mobilisation of the European Globalisation Adjustment Fund: Aragón - Retail trade from Spain - Motion for a resolution : single vote","+","EP","Budget"
"14.12.2010","Mobilisation of the European Globalisation Adjustment Fund: Wielkopolskie Automotive from Poland - Motion for a resolution : single vote","+","EP","Budget"
"14.12.2010","Mobilisation of the European Globalisation Adjustment Fund: Heidelberger Druckmaschinen AG/Germany - Motion for a resolution : single vote","+","EP","Budget"
"14.12.2010","Mobilisation of the European Globalisation Adjustment Fund: SI/Mura, Slovenia - Motion for a resolution : single vote","+","EP","Budget"
"14.12.2010","Draft amending budget No 9/2010: EU Solidarity Fund (floods in Portugal, Xynthia (storm), France) - Economic recovery: European offshore wind grid system - Motion for a resolution : single vote","+","EP","Budget"
"14.12.2010","Mobilisation of the EU Solidarity Fund: Portugal - floods; France - Xynthia (storm) - Motion for a resolution : single vote","+","EP","Budget"
"15.12.2010","Mobilisation of the European Globalisation Adjustment Fund: Noord Holland ICT/Netherlands - Motion for a resolution : single vote","+","EP","Budget"
"15.12.2010","Parliament's position on the new 2011 Draft Budget as modified by the Council - Motion for a resolution : vote: resolution (text as a whole)","+","EP","Budget"
"15.12.2010","Draft general budget of the European Union for the financial year 2011 as modified by the Council - Motion for a resolution : 08 20 02,amendment 1","-","EP","Budget"
"15.12.2010","Mobilisation of the Flexibility Instrument for the Lifelong Learning Programme, for the Competitiveness and Innovation Programme and for Palestine - Motion for a resolution : single vote","+","EP","Budget"
"17.02.2011","EU guarantee to the EIB against losses under loans and guarantees for projects outside the EU - Draft legislative resolution-Ordinary legislative procedure: first reading : vote: legislative resolution   - ordinary legislative procedure, first reading","+","EP","Budget"
"09.03.2011","Guidelines for the 2012 budget - other sections - Motion for a resolution : vote: resolution (text as a whole)","+","EP","Budget"
"24.03.2011","Preparation of 2012 budget - Motion for a resolution : Paragraph 8,amendment 2","-","EP","Budget"
"05.04.2011","Mobilisation of the European Globalisation Adjustment Fund: Czech Republic - UNILEVER - Motion for a resolution : vote: resolution (text as a whole)","+","EP","Budget"
"05.04.2011","Mobilisation of the European Globalisation Adjustment Fund: Poland - Podkarpackie - Manufacture of machinery - Motion for a resolution : single vote","+","EP","Budget"
"06.04.2011","Estimates of revenue and expenditure for 2012 - Section I - Parliament - Motion for a resolution : vote: resolution (text as a whole)","+","EP","Budget"
"06.04.2011","Draft amending budget No 1/2011 - Section III - Commission - Motion for a resolution : single vote","+","EP","Budget"
"06.04.2011","Mobilisation of the EU Solidarity Fund - Floods in 2010 in Poland, Slovakia, Hungary, the Czech Republic, Croatia and Romania - Motion for a resolution : single vote","+","EP","Budget"
"08.06.2011","A new Multiannual Financial Framework (MFF) for a competitive, sustainable and inclusive Europe - Motion for a resolution : vote: resolution (text as a whole)","+","EP","Budget"
"23.06.2011","Mobilisation of the European Globalisation Adjustment Fund: General Motors Belgium - Motion for a resolution : single vote","+","EP","Budget"
"23.06.2011","2012 draft budget trilogue - Motion for a resolution : After paragraph 13,amendment 9","-","EP","Budget"
"05.07.2011","Mobilisation of Globalisation Adjustment Fund: Odense Steel Shipyard/Denmark - Motion for a resolution : single vote","+","EP","Budget"
"05.07.2011","Mobilisation of EU Solidarity Fund - flooding in Slovenia, Croatia and the Czech Republic in 2010 - Motion for a resolution : single vote","+","EP","Budget"
"05.07.2011","Draft amending budget No 2 /2011: flooding in Slovenia, Croatia and the Czech Republic in September 2010 - Motion for a resolution : single vote","+","EP","Budget"
"05.07.2011","Mobilisation of Globalisation Adjustment Fund: LM Glasfiber company/Denmark - Motion for a resolution : single vote","+","EP","Budget"
"05.07.2011","Draft amending budget No 3/2011: 2010 budget surplus - Motion for a resolution : vote: resolution (text as a whole)","+","EP","Budget"
"06.07.2011","Multiannual financial framework for 2007-2013 - Draft legislative resolution : vote: legislative resolution  (text as a whole) - consent","+","EP","Budget"
"14.09.2011","Mobilisation of Globalisation Adjustment Fund: application EGF/2010/030 NL/North Holland and Flevoland Division 18/Netherlands - Motion for a resolution : single vote","+","EP","Budget"
"14.09.2011","Mobilisation of Globalisation Adjustment Fund: application EGF/2010/028 NL/Overijssel Division 18/Netherlands - Motion for a resolution : single vote","+","EP","Budget"
"14.09.2011","Mobilisation of Globalisation Adjustment Fund: application EGF/2010/027 NL/North Brabant Division 18/Netherlands - Motion for a resolution : single vote","+","EP","Budget"
"14.09.2011","Mobilisation of Globalisation Adjustment Fund: application EGF/2010/029 NL/South Holland and Utrecht Division 18/Netherlands - Motion for a resolution : single vote","+","EP","Budget"
"14.09.2011","Mobilisation of Globalisation Adjustment Fund: technical assistance at the initiative of the Commission - Motion for a resolution : single vote","+","EP","Budget"
"14.09.2011","Mobilisation of Globalisation Adjustment Fund: AT/Steiermark and Niederösterreich from Austria - Motion for a resolution : single vote","+","EP","Budget"
"14.09.2011","Mobilisation of Globalisation Adjustment Fund: AT/AT&S from Austria - Motion for a resolution : single vote","+","EP","Budget"
"28.09.2011","Draft amending budget No 4/2011: own resources and migration and refugee flows - Motion for a resolution : single vote","+","EP","Budget"
"28.09.2011","Mobilisation of the European Globalisation Adjustment Fund (application EGF/2010/017 DK/Midtjylland Machinery from Denmark) - Motion for a resolution : single vote","+","EP","Budget"
"28.09.2011","Mobilisation of the European Globalisation Adjustment Fund: application EGF/2011/003 DE/Arnsberg and Düsseldorf - automotive industry in Germany - Motion for a resolution : single vote","+","EP","Budget"
"28.09.2011","Mobilisation of the European Globalisation Adjustment Fund: application EGF/2010/026 PT/Rohde - Portugal - Motion for a resolution : single vote","+","EP","Budget"
"25.10.2011","Draft amending budget No 5/2011 - Section IX – European Data Protection Supervisor. Section X – European External Action Servic - Motion for a resolution : single vote","+","EP","Budget"
"26.10.2011","Draft general budget of the European Union - 2012 financial year - Motion for a resolution : Bloc 1","+","EP","Budget"
"26.10.2011","Parliament's position on the 2012 draft budget as modified by the Council - Motion for a resolution : vote: resolution (text as a whole)","+","EP","Budget"
"16.11.2011","Mobilisation of the European Globalisation Adjustment Fund: application EGF/2010/019 IE/Construction 41 from Ireland - Motion for a resolution : single vote","+","EP","Budget"
"16.11.2011","Mobilisation of the European Globalisation Adjustment Fund: application EGF/2010/021 IE/Construction 71 from Ireland - Motion for a resolution : single vote","+","EP","Budget"
"16.11.2011","Mobilisation of the European Globalisation Adjustment Fund: application EGF/2010/020 IE/Construction 43 from Ireland - Motion for a resolution : single vote","+","EP","Budget"
"16.11.2011","Mobilisation of the European Globalisation Adjustment Fund: application EGF/2011/001 AT/Lower and Upper Austria/Austria - Motion for a resolution : single vote","+","EP","Budget"
"16.11.2011","Mobilisation of the European Globalisation Adjustment Fund: application EGF/2011/004 EL/ALDI Hellas/Greece - Motion for a resolution : single vote","+","EP","Budget"
"01.12.2011","Mobilisation of the European Globalisation Adjustment Fund: Application EGF/2011/005 Norte-Centro Automotive - Portugal - Motion for a resolution : single vote","+","EP","Budget"
"01.12.2011","Draft amending budget No 6/2011: Own resources, Integrated Maritime Policy, Greece, ESF, Palestine - Motion for a resolution : vote: resolution (text as a whole)","+","EP","Budget"
"01.12.2011","2012 budgetary procedure: joint text - Draft legislative resolution : vote: legislative resolution (text as a whole)","+","EP","Budget"
"01.12.2011","Mobilisation of the flexibility instrument - Motion for a resolution : vote: resolution (text as a whole)","+","EP","Budget"
"13.12.2011","Revision of the multiannual financial framework to address additional financing needs of the ITER project - Proposal for a European Parliament Resolution : single vote","+","EP","Budget"
"13.12.2011","Draft amending budget No 7/2011 - Mobilisation of the EU Solidarity Fund - Spain and Italy - Motion for a resolution : single vote","+","EP","Budget"
"13.12.2011","Mobilisation of the EU Solidarity Fund: Spain (earthquake in Lorca) and Italy (Veneto flooding) - Motion for a resolution : single vote","+","EP","Budget"
"13.12.2011","Mobilisation of the European Globalisation Adjustment Fund: application EGF/2011/002 Trentino-Alto Adige/Südtirol - Construction of buildings / Italy - Motion for a resolution : single vote","+","EP","Budget"
"15.12.2011","Mobilisation of the European Globalisation Adjustment Fund (application EGF/2009/019 FR/Renault from France) - Motion for a resolution : vote: resolution (text as a whole)","+","EP","Budget"
"16.02.2012","Guidelines for the 2013 budget - sections other than the Commission - Motion for a resolution : Am 2,amendment 2","+","EP","Budget"
"14.03.2012","General guidelines for the 2013 budget: Section III - Commission - Motion for a resolution : vote: resolution (text as a whole)","+","EP","Budget"
"29.03.2012","Mobilisation of the European Globalisation Adjustment Fund: Application EGF/2011/006 ES/Comunidad Valenciana - Construction of buildings, Spain - Motion for a resolution : vote: resolution (text as a whole)","+","EP","Budget"
"29.03.2012","Estimates of revenue and expenditure for 2013 - Section I - Parliament - Motion for a resolution : vote: resolution (text as a whole)","+","EP","Budget"
"20.04.2012","Draft amending budget no 1/2012: financing of ITER - Motion for a resolution : single vote","+","EP","Budget"
"12.06.2012","European Globalisation Adjustment Fund (EGF) - application EGF/2011/020 ES/Comunidad Valenciana - Footwear, Spain - Motion for a resolution : single vote","+","EP","Budget"
"12.06.2012","Draft amending budget No 2/ 2012: EU Solidarity Fund appropriations to address flooding in Italy (Liguria and Tuscany) in 2011 - Motion for a resolution : single vote","+","EP","Budget"
"12.06.2012","Mobilisation of the EU Solidarity Fund - floods in Liguria and Tuscany - Motion for a resolution : single vote","+","EP","Budget"
"12.06.2012","Mobilisation of the European Globalisation Adjustment Fund: EGF/2012/000 TA 2012 - technical assistance at the initiative of the Commission - Motion for a resolution : vote: resolution (as a whole)","+","EP","Budget"
"04.07.2012","2013 budget - mandate for trilogue - Motion for a resolution : vote: resolution (as a whole)","+","EP","Budget"
"05.07.2012","Financial aid in the field of the trans-European transport and energy networks - Draft legislative resolution : vote: legislative resolution - ordinary legislative procedure, first reading","+","EP","Budget"
"05.07.2012","Draft amending budget No 3/2012: surplus from the 2011 financial year - Motion for a resolution : vote: resolution (as a whole)","+","EP","Budget"
"11.09.2012","Mobilisation of the European Globalisation Adjustment Fund: EGF/2011/008 DK/Odense Steel Shipyard from Denmark - Motion for a resolution : single vote","+","EP","Budget"
"11.09.2012","Mobilisation of the European Globalisation Adjustment Fund: EGF/2011/017 ES/Aragon - Motion for a resolution : single vote","+","EP","Budget"
"23.10.2012","European Globalisation Adjustment Fund: application EGF/2011/019 ES/Galicia Metal - Motion for a resolution : vote: resolution (as a whole)","+","EP","Budget"
"23.10.2012","European Globalisation Adjustment Fund: application EGF/2011/009 NL/Gelderland  - Motion for a resolution : vote: resolution (as a whole)","+","EP","Budget"
"23.10.2012","European Globalisation Adjustment Fund: application EGF/2011/021 NL/Zalco - Motion for a resolution : vote: resolution (as a whole)","+","EP","Budget"
"23.10.2012","European Globalisation Adjustment Fund: application EGF/2010/015 FR/Peugeot - Motion for a resolution : vote: resolution (as a whole)","+","EP","Budget"
"23.10.2012","European Globalisation Adjustment Fund: application EGF/2012/003 DK/VESTAS - Denmark - Motion for a resolution : vote: resolution (as a whole)","+","EP","Budget"
"23.10.2012","European Globalisation Adjustment Fund: application EGF/2012/002 DE/manroland from Germany - Motion for a resolution : vote: resolution (as a whole)","+","EP","Budget"
"23.10.2012","European Globalisation Adjustment Fund: application EGF/2012/001 IE/Talk Talk - Motion for a resolution : vote: resolution (as a whole)","+","EP","Budget"
"23.10.2012","European Globalisation Adjustment Fund: application EGF/2011/015/SE/AstraZeneca  - Motion for a resolution : vote: resolution (as a whole)","+","EP","Budget"
"23.10.2012","Draft general budget of the European Union - 2013 financial year - Motion for a resolution : Am 351,amendment 351","+","EP","Budget"
"23.10.2012","General budget of the European Union for the financial year 2013 - all sections - Motion for a resolution : vote: resolution (as a whole)","+","EP","Budget"
"23.10.2012","Multiannual financial framework for the years 2014-2020 - Interim report : vote: resolution (as a whole)   - consent","+","EP","Budget"
"23.10.2012","Own resource based on the value added tax - Draft legislative resolution : single vote - consultation","+","EP","Budget"
"23.10.2012","Financial rules applicable to the annual budget - Draft legislative resolution : vote: legislative resolution - ordinary legislative procedure, first reading","+","EP","Budget"
"23.10.2012","Draft amending budget No 4/2012 - Motion for a resolution : single vote","+","EP","Budget"
"21.11.2012","Draft Amending Budget No 5/2012: Solidarity Fund response to earthquakes in Emilia-Romagna (Italy) and modification of the budget line for the preparatory action for the European Year of Volunteering 2011 - Motion for a resolution : single vote","+","EP","Budget"
"21.11.2012","Mobilisation of the EU Solidarity Fund - Motion for a resolution : single vote","+","EP","Budget"
"12.12.2012","European Globalisation Adjustment Fund: application EGF/2011/014 RO/Nokia - Motion for a resolution : single vote","+","EP","Budget"
"12.12.2012","European Globalisation Adjustment Fund: application EGF/2011/011 AT/Soziale Dienstleistungen - Motion for a resolution : single vote","+","EP","Budget"
"12.12.2012","European Globalisation Adjustment Fund: application EGF/2012/006 FI/Nokia Salo - Motion for a resolution : single vote","+","EP","Budget"
"12.12.2012","New general budget of the European Union for the financial year 2013 - all sections - Motion for a resolution : vote: resolution (as a whole)","+","EP","Budget"
"12.12.2012","European Globalisation Adjustment Fund: application EGF/2011/026 IT/Emilia-Romagna Motorcycles - Motion for a resolution : single vote","+","EP","Budget"
"12.12.2012","European Globalisation Adjustment Fund: application EGF/2012/005 SE/Saab - Motion for a resolution : single vote","+","EP","Budget"
"12.12.2012","European Globalisation Adjustment Fund: application EGF/2011/018 ES/País Vasco Productos metálicos - Motion for a resolution : single vote","+","EP","Budget"
"12.12.2012","Draft amending budget No 6/2012 - Revenue from own resources and other resources - Increase in payment appropriations in headings 1a, 1b, 2, 3a and 4 of the Multiannual Financial Framework - Reduction in the level of commitment appropriations entered in the budget - Motion for a resolution : vote: resolution (as a whole)","+","EP","Budget"
"12.12.2012","European Globalisation Adjustment Fund: application EGF/2011/013 DK/Flextronics - Motion for a resolution : single vote","+","EP","Budget"
"06.02.2013","Guidelines for the 2014 budget - sections other than the Commission - Motion for a resolution : vote: resolution (text as a whole)","+","EP","Budget"
"13.03.2013","Multiannual Financial Framework - Motion for a resolution : vote: resolution (as a whole)","-","EP","Budget"
"13.03.2013","Multiannual Financial Framework - Motion for a resolution : vote: resolution (as a whole)","+","EP","Budget"
"13.03.2013","Guidelines for the 2014 budget - Section III - Motion for a resolution : vote: resolution (as a whole)","+","EP","Budget"
"16.04.2013","Mobilisation of the European Globalisation Adjustment Fund (application EGF/2012/023 IT/Antonio Merloni SpA from Italy)  - Motion for a resolution : vote: resolution (as a whole)","+","EP","Budget"
"16.04.2013","Mobilisation of the European Globalisation Adjustment Fund (application EGF/2011/016 IT/Agile from Italy) - Motion for a resolution : vote: resolution (as a whole)","+","EP","Budget"
"16.04.2013","Mobilisation of the European Globalisation Adjustment Fund (application EGF/2011/010 AT/Austria Tabak from Austria) - Motion for a resolution : vote: resolution (as a whole)","+","EP","Budget"
"17.04.2013","Estimates of revenue and expenditure for 2014 - Section I - Parliament - Motion for a resolution : vote: resolution (as a whole)","+","EP","Budget"
"03.07.2013","Mobilisation of the European Globalisation Adjustment Fund: application EGF/2013/000 TA 2013 - technical assistance at the initiative of the Commission - Motion for resolution : vote: resolution (as a whole)","+","EP","Budget"
"04.07.2013","Draft amending budget No 1/2013 - Expenditure related to the accession of Croatia to the EU - Motion for resolution : vote: resolution (as a whole)","+","EP","Budget"
"04.07.2013","Proposal for a decision of the European Parliament and of the Council amending the Interinstitutional Agreement of 17 May 2006 on budgetary discipline and sound financial management as regards the multiannual financial framework, to take account of the expenditure requirements resulting from the accession of Croatia to the European Union - Proposal for resolution : vote: resolution (as a whole)","+","EP","Budget"
"11.09.2013","Mobilisation of the EU Solidarity Fund: flooding in Slovenia, Croatia and Austria in autumn 2012 - Motion for resolution : Single vote","+","EP","Budget"
"11.09.2013","Draft amending budget No 4/2013 – Staff of the European GNSS Agency – Staff of the Education, Audiovisual and Culture Executive Agency (EACEA) – Staff of the Court of Justice of the European Union - Motion for resolution : Single vote","+","EP","Budget"
"11.09.2013","Draft amending budget No 3/2013 - Surplus resulting from the implementation of the budget year 2012 - Motion for resolution : Single vote","+","EP","Budget"
"11.09.2013","Draft amending budget No 2/2013 - Increase in forecasts concerning other revenue stemming from fines and penalties - Increase in payment appropriations - Motion for resolution : Single vote","+","EP","Budget"
"11.09.2013","Draft amending budget No 5/2013 - Mobilisation of the Solidarity Fund following flooding in Slovenia, Croatia and Austria in 2012 - Motion for resolution : Single vote","+","EP","Budget"
"08.10.2013","Mobilisation of the European Globalisation Adjustment Fund: application EGF/2011/025 IT/Lombardy - Italy - Motion for resolution : single vote","+","EP","Budget"
"08.10.2013","Mobilisation of the European Globalisation Adjustment Fund: application EGF/2012/008 IT/De Tomaso Automobili - Italy - Motion for resolution : single vote","+","EP","Budget"
"08.10.2013","Forward policy planning: budgetary implications for capacity-building - Motion for resolution : single vote","+","EP","Budget"
"23.10.2013","Draft general budget of the European Union for the financial year 2014 - all sections, Part II - Motion for resolution : Revenue - Block vote 1","+","EP","Budget"
"23.10.2013","Draft general budget of the European Union for the financial year 2014 - all sections - Motion for resolution : vote: resolution (as a whole)","+","EP","Budget"
"24.10.2013","Draft amending budget No 6/2013 - Motion for resolution : vote: resolution (as a whole)","+","EP","Budget"
"19.11.2013","European Globalisation Adjustment Fund (application EGF/2013/004 ES/Comunidad Valenciana building materials from Spain) - Motion for resolution : single vote","+","EP","Budget"
"19.11.2013","Draft amending budget No 8/2013 (DAB 2 bis) - Reinforcement of payments by MFF heading and shortage of payment appropriations in the 2013 budget - Motion for resolution : vote: resolution (as a whole)","+","EP","Budget"
"19.11.2013","Draft amending budget No 7/2013 - Strengthening the European Social Fund (ESF) to address youth unemployment, poverty and social exclusion in France, Italy and Spain - Motion for resolution : single vote","+","EP","Budget"
"19.11.2013","Multiannual financial framework 2014-2020 - Draft legislative resolution : vote: consent - consent","+","EP","Budget"
"20.11.2013","Draft amending budget No 9/2013: Mobilisation of the EU Solidarity Fund for Romania (Drought and forest fires in 2012) and for Germany, Austria and the Czech Republic (Flooding in May and June 2013) - Motion for resolution : single vote","+","EP","Budget"
"20.11.2013","Mobilisation of the Flexibility Instrument - financing of the Cypriot Structural Funds programmes - Motion for resolution : single vote","+","EP","Budget"
"20.11.2013","2014 budgetary procedure: joint text - Draft legislative resolution : vote: joint text","+","EP","Budget"
"20.11.2013","Mobilisation of the Flexibility Instrument to complement the financing in the general budget of the EU for 2013 towards the financing of the European Social Fund to increase allocations to France, Italy and Spain - Motion for resolution : single vote","+","EP","Budget"
"20.11.2013","Mobilisation of the EU Solidarity Fund - Drought and forest fires in Romania and floods in Germany, Austria and the Czech Republic - Motion for resolution : single vote","+","EP","Budget"
"10.12.2013","Mobilisation of the European Globalisation Adjustment Fund (application EGF/2012/011 DL/Vestas - Denmark) - Motion for resolution : single vote","+","EP","Budget"
"10.12.2013","Mobilisation of the European Globalisation Adjustment Fund - application EGF/2013/003 DE/First Solar from Germany - Motion for resolution : single vote","+","EP","Budget"
"10.12.2013","Mobilisation of the European Globalisation Adjustment Fund - application EGF/2013/001 FI/Nokia from Finland - Motion for resolution : single vote","+","EP","Budget"